"NR_3.0_12494.1","6CFJ|1|1x","6CFJ|1|1x,6CFJ|1|2x"
"NR_3.0_35542.68","5L4O|1|A","5L4O|1|A,5HCQ|1|1x,5IBB|1|2K,6CAE|1|1x,5HCQ|1|2x,5IB7|1|2K,4V8D|1|CC,5HCR|1|1x,4Z8C|1|1x,5J4B|1|1x,4WSD|1|2L,4V8D|1|AC,5IBB|1|2L,5J4B|1|2x,4Z8C|1|2x,4WSD|1|2K,6CAE|1|2x,5J4C|1|1x,4WPO|1|BX,5W4K|1|1x,1VY4|1|AX,6OF1|1|1x,4W2H|1|AX,5HCR|1|2x,4LNT|1|XV,5HD1|1|1x,5HCP|1|1x,6OF1|1|2x,5HAU|1|1w,5J4C|1|2x,4W2I|1|AX,5WIS|1|1x,5IB7|1|2L,4W2G|1|CX,4LNT|1|QV,6ND5|1|1x,4W2H|1|CX,5W4K|1|2x,5HAU|1|2w,4Y4P|1|1x,4W2G|1|AX,6O97|1|1x,5HCP|1|2x,5DOY|1|1x,5WIT|1|1x,5HD1|1|2x,4W2I|1|CX,6ND5|1|2x,1VY7|1|AX,4Z3S|1|1x,1VY4|1|CX,4W2F|1|AX,1VY5|1|AX,4V51|1|CV,4WPO|1|DX,4V9R|1|AX,4V9R|1|CX,4W2F|1|CX,5WIS|1|2x,4V51|1|AV,6ND6|1|1x,6O97|1|2x,4Y4P|1|2x,1VY6|1|AX,4Z3S|1|2x,6UO1|1|2x,6UO1|1|1x,1VY6|1|CX,4WQY|1|BX,5DOY|1|2x,5WIT|1|2x,5F8K|1|1x,6ND6|1|2x,1VY5|1|CX,4V8B|1|AC,4V67|1|AY,4V7L|1|CX,4V8B|1|CC,4V7L|1|AX,5F8K|1|2x,4V67|1|CY,4WQY|1|DX,1VY7|1|CX,4V8B|1|AD,4V8B|1|CD,4V67|1|AZ,4V67|1|CZ,6GSJ|1|2L,6GSJ|1|2K,6AZ1|1|3,6Y69|1|w,4BTC|1|V,5AFI|1|v,5AFI|1|w,6WDE|1|5,6H4N|1|w,6WD0|1|5,6WD0|1|6,6WDE|1|6,5WFS|1|v,5WDT|1|v,5WDT|1|w,5WFS|1|w,6ORE|1|5,5MDV|1|5,2FMT|1|D,2FMT|1|C,5IQR|1|5"
"NR_3.0_20721.9","5E81|1|2K","5E81|1|2K,5J8B|1|x,5E81|1|2L"
"NR_3.0_47295.1","6I0V|1|B","6I0V|1|B"
"NR_3.0_33389.1","2DU3|1|D","2DU3|1|D,2DU4|1|C"
"NR_3.0_23049.1","1KUQ|1|B","1KUQ|1|B,1F7Y|1|B,1DK1|1|B"
"NR_3.0_25521.1","5K77|1|X","5K77|1|X,5K77|1|V,5K77|1|Y,5K77|1|W,5K77|1|Z,4PEI|1|X,4PEI|1|V,4PEI|1|W,4PEI|1|Z,4PEI|1|Y"
"NR_3.0_10157.61","5J7L|1|DB","5J7L|1|DB,4YBB|1|DB,6I7V|1|DB,4WOI|1|BB,5J91|1|DB,4U27|1|BB,4WOI|1|CB,4V9D|1|CB,4V9P|1|CB,4V9P|1|EB,4U24|1|BB,4V9O|1|AB,4U26|1|BB,4V9P|1|GB,4V9O|1|CB,4U25|1|BB,4V9O|1|EB,4V9P|1|AB,4U1U|1|BB,4U20|1|BB,4U1V|1|BB,5J7L|1|CB,4V9D|1|DB,6I7V|1|CB,4V9O|1|GB,4U27|1|DB,4U25|1|DB,4U1V|1|DB,4YBB|1|CB,4U26|1|DB,4U1U|1|DB,4U20|1|DB,4U24|1|DB,5J91|1|CB,5J5B|1|DB,5J5B|1|CB,6PJ6|1|J,6PC6|1|J,6PCR|1|J,6PC7|1|J,6TBV|1|05S1,6TC3|1|05S1,6PCQ|1|J,6PC5|1|J,6QDW|1|a,5AFI|1|B,6Y69|1|B,6ORE|1|3,6PCT|1|J,6WYV|1|J,6U48|1|CB,5NWY|1|O,5MDV|1|3,6WDE|1|2,6PCS|1|J,6WD0|1|2,6HRM|1|3,6PC8|1|J,6H4N|1|B,6QUL|1|B,6PCH|1|J,5WFS|1|B,5WDT|1|B,5IQR|1|3"
"NR_3.0_51674.1","3BT7|1|D","3BT7|1|D,3BT7|1|C"
"NR_3.0_19951.36","4YCO|1|D","4YCO|1|D,4YCO|1|F,4YCO|1|E,3FOZ|1|C,4WOI|1|DW,5NDK|1|X1,4V9H|1|AV,3L0U|1|A,2ZM5|1|C,5NDK|1|X4,4V9D|1|BV,2ZXU|1|C,4WQU|1|BW,4W2E|1|w,4WQF|1|BW,5J4B|1|1y,6CFJ|1|1w,5W4K|1|1y,5WIT|1|1w,6CFJ|1|1y,6CFJ|1|2w,5J4C|1|1w,5WIS|1|1y,5J4C|1|1y,4WQU|1|DW,5NDK|1|W1,6CFJ|1|2y,5WIS|1|1w,4V51|1|AW,5J4B|1|1w,4WQF|1|DW,5J4C|1|2w,5J4B|1|2w,5NDK|1|W4,5J4B|1|2y,4WOI|1|AX,5W4K|1|1w,5J4C|1|2y,6ND5|1|1y,4W2G|1|AW,5WIS|1|2y,5WIT|1|2w,4V9D|1|AV,5DOY|1|1y,2ZM5|1|D,5W4K|1|2y,4Y4P|1|1y,4WSD|1|1K,4Z3S|1|1y,5DOY|1|1w,4V51|1|CW,5DOY|1|2y,6ND5|1|1w,4WSD|1|3L,4W2I|1|AW,4Z3S|1|1w,4Z3S|1|2y,4W2I|1|CW,5W4K|1|2w,1VY4|1|AW,4WPO|1|BY,6ND5|1|2y,4Y4P|1|2y,4WSD|1|3K,4W2G|1|CW,6UO1|1|2y,4W2I|1|AY,4W2F|1|AW,4Y4P|1|1w,6UO1|1|2w,4Z3S|1|2w,6UO1|1|1y,4W2I|1|CY,1VY4|1|AY,4W2G|1|AY,4WPO|1|DY,6UO1|1|1w,5WIS|1|2w,2ZXU|1|D,5NDK|1|V4,4W2G|1|CY,5WIT|1|1y,6ND5|1|2w,4W2F|1|AY,4Y4P|1|2w,5DOY|1|2w,1VY5|1|AW,1VY4|1|CY,4WSD|1|1L,5WIT|1|2y,5NDK|1|V1,4W2F|1|CW,4W2F|1|CY,4WPO|1|BW,1VY7|1|AY,1VY5|1|AY,1VY4|1|CW,1VY7|1|CY,1VY5|1|CW,1VY5|1|CY,4WPO|1|DW,4W2H|1|AY,4WQU|1|BY,4W2H|1|CY,4W2E|1|x,4WQU|1|DY,4WQF|1|BY,4WQF|1|DY,6AZ1|1|4,6AZ1|1|2,3R8O|1|V,6WDE|1|7,3R8N|1|V,5AFI|1|y,5WDT|1|y,5WFS|1|y,5IQR|1|4,5IQR|1|6"
"NR_3.0_95556.5","4V90|1|AV","4V90|1|AV,5J8B|1|y,5J8B|1|w"
"NR_3.0_65795.53","4Y4O|1|1a","4Y4O|1|1a,4Y4O|1|2a,4V9H|1|AA,5FDV|1|2a,5FDV|1|1a,5FDU|1|2a,5FDU|1|1a,5HCQ|1|1a,6CAE|1|1a,5IBB|1|1G,5IBB|1|13,6CFL|1|1a,5HCQ|1|2a,5IB7|1|13,5J4B|1|1a,5E81|1|13,6CFK|1|1a,5E81|1|1G,6CFL|1|2a,6CAE|1|2a,5IB7|1|1G,6CFJ|1|1a,6OF1|1|1a,6CFK|1|2a,5J4C|1|1a,5W4K|1|1a,5J4B|1|2a,5J8B|1|a,4Z8C|1|1a,5HCR|1|1a,4WSD|1|13,5NDK|1|1G,4Z8C|1|2a,5WIS|1|1a,4V8I|1|AA,2UXC|1|A,5NDK|1|13,4WPO|1|BA,6OF1|1|2a,1VY4|1|AA,5HCR|1|2a,6ND5|1|1a,4Z3S|1|1a,6CFJ|1|2a,4LNT|1|XA,4V8D|1|AA,5J4C|1|2a,4W2I|1|AA,5HD1|1|1a,4LNT|1|QA,5HCP|1|1a,4W2I|1|CA,5W4K|1|2a,4W2G|1|AA,4WPO|1|DA,4V8D|1|CA,6O97|1|1a,4Z3S|1|2a,4WSD|1|1G,5HCP|1|2a,5HAU|1|1a,4W2G|1|CA,5HAU|1|2a,5HD1|1|2a,4W2H|1|AA,6ND5|1|2a,4V8I|1|CA,4W2H|1|CA,5WIS|1|2a,4V8B|1|AA,4Y4P|1|1a,5WIT|1|1a,4W2F|1|AA,1FJG|1|A,5DOY|1|1a,1VY4|1|CA,5DOY|1|2a,4W2E|1|a,6O97|1|2a,4V8B|1|CA,1VY5|1|AA,4WQU|1|BA,4V9R|1|CA,5WIT|1|2a,4V9R|1|AA,6ND6|1|1a,4W2F|1|CA,6UO1|1|1a,4Y4P|1|2a,1VY7|1|AA,6UO1|1|2a,4WQF|1|BA,1VY6|1|AA,6ND6|1|2a,1XMQ|1|A,1VY5|1|CA,4V51|1|AA,1VY6|1|CA,4WQF|1|DA,4WQU|1|DA,4V51|1|CA,1VY7|1|CA,4WQY|1|BA,1N32|1|A,3T1Y|1|A,5F8K|1|1a,4V90|1|AA,4WQY|1|DA,4V7L|1|AA,5F8K|1|2a,4V8G|1|CA,4V7L|1|CA,4V67|1|AA,4V67|1|CA,4V7Y|1|CA,4V7Y|1|AA,4V8G|1|AA,4V7W|1|CA,4V7X|1|CA,4V7X|1|AA,4V7W|1|AA,4B3M|1|A,4B3T|1|A,4B3R|1|A,6GSJ|1|1G,6GSJ|1|13,4BTC|1|A"
"NR_3.0_97519.48","4Y4O|1|2A","4Y4O|1|2A,4Y4O|1|1A,5HCQ|1|2A,4V9H|1|BA,5FDU|1|1A,5FDV|1|1A,5HCQ|1|1A,4V8I|1|BA,5FDV|1|2A,5FDU|1|2A,4WPO|1|AA,5IBB|1|1H,5IB7|1|1H,5E81|1|1H,6CAE|1|1A,4V8I|1|DA,6CFL|1|1A,5IBB|1|14,6CFL|1|2A,6CAE|1|2A,5E81|1|14,5IB7|1|14,5HCR|1|2A,6CFK|1|1A,4WPO|1|CA,4Z8C|1|2A,5NDK|1|1H,4WSD|1|1H,6CFJ|1|1A,5W4K|1|1A,6CFK|1|2A,5HCR|1|1A,4WQU|1|AA,5J4B|1|2A,4V8D|1|BA,1VY4|1|DA,6OF1|1|1A,5J4B|1|1A,4WSD|1|14,5NDK|1|14,5J8B|1|A,4V9R|1|BA,5HD1|1|2A,5WIS|1|1A,1VY4|1|BA,5J4C|1|2A,4LNT|1|YA,4Z8C|1|1A,4WQF|1|AA,5J4C|1|1A,4V9R|1|DA,4W2G|1|DA,5HCP|1|2A,4W2H|1|DA,4V8D|1|DA,5HD1|1|1A,5HCP|1|1A,4W2G|1|BA,4V8G|1|BA,4V8B|1|BA,5W4K|1|2A,6OF1|1|2A,4V8G|1|DA,6CFJ|1|2A,4Z3S|1|1A,4W2H|1|BA,4Z3S|1|2A,4W2I|1|BA,6ND5|1|1A,4W2I|1|DA,5HAU|1|1A,5HAU|1|2A,4LNT|1|RA,5WIS|1|2A,4W2F|1|DA,6ND5|1|2A,4WQU|1|CA,4W2F|1|BA,4WQF|1|CA,4V8B|1|DA,6O97|1|1A,1VY7|1|BA,4Y4P|1|1A,4WQY|1|AA,4Y4P|1|2A,1VY5|1|DA,5WIT|1|1A,1VY7|1|DA,1VY5|1|BA,5DOY|1|2A,5DOY|1|1A,6O97|1|2A,5WIT|1|2A,1VY6|1|DA,6ND6|1|1A,1VY6|1|BA,4WQY|1|CA,4V90|1|BA,6ND6|1|2A,4V51|1|BA,6UO1|1|1A,4V51|1|DA,5F8K|1|1A,6UO1|1|2A,4W2E|1|A,4V7Y|1|BA,4V7Y|1|DA,5F8K|1|2A,4V7L|1|BA,4V7X|1|BA,4V7X|1|DA,4V67|1|BA,4V7L|1|DA,4V7W|1|BA,4V7W|1|DA,4V67|1|DA,6GSJ|1|1H,6GSJ|1|14"
"NR_3.0_42622.48","5FDV|1|1B","5FDV|1|1B,5FDU|1|1B,4Y4O|1|1B,4Y4O|1|2B,5IBB|1|16,5HCQ|1|1B,4WPO|1|AB,5E81|1|16,6CFL|1|1B,6CAE|1|1B,5FDV|1|2B,5IB7|1|16,4V8I|1|BB,5FDU|1|2B,5IBB|1|1J,5W4K|1|1B,5E81|1|1J,6CFK|1|1B,4WQU|1|AB,5NDK|1|16,4WSD|1|16,5HCR|1|1B,5NDK|1|1J,6OF1|1|1B,5J4B|1|1B,4LNT|1|YB,6CFJ|1|1B,4WQF|1|AB,5IB7|1|1J,4V8D|1|BB,4V8G|1|BB,4W2G|1|BB,5J4C|1|1B,4Z8C|1|1B,5J4B|1|2B,6CFL|1|2B,4V9R|1|BB,5HD1|1|1B,5HCP|1|1B,4V9H|1|BB,6ND5|1|1B,4W2I|1|BB,4V8D|1|DB,5WIS|1|1B,4Z3S|1|1B,4WQY|1|AB,6CAE|1|2B,4Z8C|1|2B,4LNT|1|RB,1VY4|1|BB,5HAU|1|1B,4WPO|1|CB,4V8B|1|BB,5J8B|1|B,4W2H|1|BB,6O97|1|1B,4WSD|1|1J,6CFK|1|2B,5J4C|1|2B,5HAU|1|2B,5HCQ|1|2B,6OF1|1|2B,1VY7|1|BB,4W2F|1|BB,5WIT|1|1B,6CFJ|1|2B,5W4K|1|2B,1VY5|1|BB,4W2I|1|DB,4Y4P|1|1B,5DOY|1|1B,4V8G|1|DB,4W2G|1|DB,4WQF|1|CB,5HCR|1|2B,4Z3S|1|2B,4V9R|1|DB,6ND5|1|2B,6O97|1|2B,5HD1|1|2B,6ND6|1|1B,6UO1|1|1B,4W2F|1|DB,1VY6|1|BB,5WIS|1|2B,4WQU|1|CB,1VY4|1|DB,4WQY|1|CB,4V8B|1|DB,5F8K|1|1B,5DOY|1|2B,4V90|1|BB,5HCP|1|2B,4Y4P|1|2B,4W2H|1|DB,6UO1|1|2B,4V51|1|BB,1VY5|1|DB,4W2E|1|B,6ND6|1|2B,4V51|1|DB,5WIT|1|2B,4V8I|1|DB,4V7L|1|BB,1VY6|1|DB,1VY7|1|DB,4V7L|1|DB,5F8K|1|2B,4V7Y|1|BB,4V67|1|BB,4V7X|1|BB,4V7W|1|BB,4V7Y|1|DB,4V67|1|DB,4V7W|1|DB,4V7X|1|DB,6GSJ|1|16,6GSJ|1|1J"
"NR_3.0_65403.1","6IV9|1|B","6IV9|1|B,6IV8|1|B,6IV8|1|D"
"NR_3.0_02656.1","4P5J|1|A","4P5J|1|A"
"NR_3.0_33521.1","6VFF|1|D+6VFF|1|C","6VFF|1|D+6VFF|1|C"
"NR_3.0_26186.1","4JRC|1|B","4JRC|1|B,4JRC|1|A"
"NR_3.0_55114.1","5B63|1|D","5B63|1|D,5B63|1|B,5YYN|1|D,5YYN|1|B"
"NR_3.0_86088.1","5LR4|1|A+5LR4|1|B","5LR4|1|A+5LR4|1|B,5LR4|1|C+5LR4|1|D"
"NR_3.0_08637.1","5BZ1|1|B","5BZ1|1|B"
"NR_3.0_21736.6","6D30|1|C","6D30|1|C,6J7Z|1|C,3ER9|1|D,5KAL|1|Y,4NIA|1|3,5KAL|1|Z,4NIA|1|7,4NIA|1|4,5NEW|1|C,4NIA|1|v,4NIA|1|u,4NIA|1|6,4OQ9|1|7,4NIA|1|x,4NIA|1|1,4OQ9|1|4,4NIA|1|8,4OQ9|1|8,4OQ9|1|t,4OQ9|1|y,4NIA|1|5,4OQ9|1|x,4NIA|1|w,4NIA|1|t,4OQ9|1|6,4OQ8|1|D,4NIA|1|z,4OQ9|1|w,4OQ9|1|5,4NIA|1|y,4NIA|1|2,4OQ9|1|u,4OQ9|1|z,4OQ9|1|2,4OQ9|1|v,4OQ9|1|3,1DDL|1|E,4OQ9|1|1"
"NR_3.0_33222.1","6RT5|1|A","6RT5|1|A,6RT5|1|E"
"NR_3.0_98920.1","4QU6|1|B","4QU6|1|B"
"NR_3.0_83717.62","5J7L|1|DA","5J7L|1|DA,4YBB|1|DA,4WOI|1|BA,4WOI|1|CA,6I7V|1|DA,5J91|1|DA,4V9P|1|EA,4V9P|1|CA,4V9P|1|GA,4V9P|1|AA,4V9D|1|CA,4V9O|1|AA,4V9O|1|EA,4V9O|1|CA,5J7L|1|CA,4U27|1|BA,4U24|1|BA,4U25|1|BA,4V9D|1|DA,4U26|1|BA,4V9O|1|GA,4U1U|1|BA,4YBB|1|CA,4U1V|1|BA,4U20|1|BA,6I7V|1|CA,4U27|1|DA,4U25|1|DA,4U1U|1|DA,4U1V|1|DA,4U24|1|DA,4U26|1|DA,4U20|1|DA,5J91|1|CA,5J5B|1|DA,5J5B|1|CA,6HRM|1|1,6PJ6|1|I,6PCR|1|I,6PC6|1|I,6PC7|1|I,6TBV|1|23S1,6TC3|1|23S1,6PCQ|1|I,6QDW|1|b,6PC5|1|I,5AFI|1|A,6WYV|1|I,6PCT|1|I,6U48|1|CA,6Y69|1|A,6PCS|1|I,5NWY|1|N,6WD0|1|1,6WDE|1|1,6ORE|1|1,6PC8|1|I,5MDV|1|1,6H4N|1|A,6PCH|1|I,6QUL|1|A,5WFS|1|A,5WDT|1|A,5IQR|1|1"
"NR_3.0_08576.3","6DO8|1|b","6DO8|1|b,6DPI|1|b,6DP9|1|b,6DPB|1|b,6DMN|1|b,6DPP|1|b,6DPK|1|b,6DPD|1|b,6DOT|1|b,6DOK|1|b,6DP8|1|b,6DPL|1|b,6DPG|1|b,6DOU|1|b,6DPC|1|b,6DO9|1|b,6DMV|1|b,6DP4|1|b,6DPN|1|b,6DOJ|1|b,6DPH|1|b,6DOS|1|b,6DOO|1|b,6DP6|1|b,6DOX|1|b,6DP5|1|b,6DOL|1|b,6DP1|1|b,6DOZ|1|b,6DP7|1|b,6DOQ|1|b,6DPA|1|b,6DOM|1|b,6DOG|1|b,6DOP|1|b,6DOH|1|b,6DOA|1|b,6DON|1|b,6DOV|1|b,6DPO|1|b,6DOD|1|b,6DOB|1|b,6DOW|1|b,6DPM|1|b,6DPF|1|b,6DP3|1|b,6DP2|1|b,6DPE|1|b,6DPJ|1|b,6DOR|1|b,6DOF|1|b,6DP0|1|b,6DOI|1|b,6DOC|1|b,6DOE|1|b,6N6G|1|D"
"NR_3.0_23205.3","6DO8|1|B","6DO8|1|B,6DP9|1|B,6DOS|1|B,6DPB|1|B,6DPP|1|B,6DPI|1|B,6DOK|1|B,6DOU|1|B,6DOO|1|B,6DPD|1|B,6DOP|1|B,6DO9|1|B,6DMN|1|B,6DPC|1|B,6DOQ|1|B,6DOT|1|B,6DP4|1|B,6DPL|1|B,6DPN|1|B,6DOM|1|B,6DOG|1|B,6DOX|1|B,6DPH|1|B,6DMV|1|B,6DOJ|1|B,6DOH|1|B,6DP1|1|B,6DP5|1|B,6DPA|1|B,6DPK|1|B,6DP6|1|B,6DOL|1|B,6DOA|1|B,6DPG|1|B,6DOZ|1|B,6DOB|1|B,6DOV|1|B,6DPO|1|B,6DP7|1|B,6DOF|1|B,6DON|1|B,6DOD|1|B,6DOR|1|B,6DOW|1|B,6DPM|1|B,6DPF|1|B,6DP3|1|B,6DPJ|1|B,6DP2|1|B,6DPE|1|B,6DP0|1|B,6DOC|1|B,6DOI|1|B,6DOE|1|B"
"NR_3.0_27023.1","3LQX|1|B","3LQX|1|B,1HQ1|1|B,2PXE|1|B,2PXD|1|B,2PXT|1|B,2PXB|1|B,2PXF|1|B,2PXP|1|B,2PXL|1|B,2PXV|1|B,2PXU|1|B,2PXK|1|B,2PXQ|1|B,1DUL|1|B"
"NR_3.0_18961.1","1WMQ|1|D","1WMQ|1|D,1WMQ|1|C,1WRQ|1|C,1WRQ|1|D"
"NR_3.0_18600.1","6PPQ|1|H","6PPQ|1|H"
"NR_3.0_25376.1","6PRV|1|A","6PRV|1|A,6PRV|1|B,6PRV|1|C,6PRV|1|D,1HC8|1|C,1HC8|1|D,1Y39|1|C,1Y39|1|D,1QA6|1|C,1QA6|1|D"
"NR_3.0_43598.1","5KVJ|1|A+5KVJ|1|B","5KVJ|1|A+5KVJ|1|B"
"NR_3.0_89429.3","4FEN|1|B","4FEN|1|B,4FEO|1|B,4FEL|1|B,4FEP|1|B,4FEJ|1|B,4FE5|1|B,2XNZ|1|A,2XNW|1|A,3GOT|1|A,2G9C|1|A,3GAO|1|A,3GER|1|A,2EES|1|A,3GOG|1|A,3DS7|1|A,2EET|1|A,3FO4|1|A,2EEV|1|A,3DS7|1|B,3FO6|1|A,3G4M|1|A,3GES|1|A,2B57|1|A,2EEW|1|A,2EEU|1|A,2XO1|1|A,1U8D|1|A"
"NR_3.0_66896.1","5NDI|1|B","5NDI|1|B,5NDI|1|A,5NDI|1|C,5NDI|1|D"
"NR_3.0_56726.52","5J7L|1|AA","5J7L|1|AA,4YBB|1|AA,4WOI|1|DA,4WOI|1|AA,4V9P|1|FA,4V9O|1|BA,5J7L|1|BA,4V9P|1|HA,4V9P|1|DA,4V9P|1|BA,4V9O|1|FA,5J91|1|AA,6I7V|1|AA,4V9O|1|DA,4U27|1|AA,4YBB|1|BA,4U1U|1|AA,4U26|1|AA,4V9D|1|AA,6I7V|1|BA,4U24|1|AA,4U25|1|AA,4V9D|1|BA,4U27|1|CA,4V9O|1|HA,4U20|1|AA,4U1U|1|CA,4U1V|1|AA,4U25|1|CA,4U26|1|CA,5J91|1|BA,4U24|1|CA,4U1V|1|CA,4U20|1|CA,5J5B|1|AA,5J5B|1|BA,6TC3|1|16S1,6TBV|1|16S1,6Y69|1|a,5AFI|1|a,5NWY|1|0,3R8O|1|A,6WD0|1|3,3R8N|1|A,6WDE|1|3,6H4N|1|a,6ORE|1|2,5WDT|1|a,5WFS|1|a,5MDV|1|2,5IQR|1|2"
"NR_3.0_44340.1","3LRR|1|C+3LRR|1|D","3LRR|1|C+3LRR|1|D"
"NR_3.0_12115.1","6NY5|1|C","6NY5|1|C"
"NR_3.0_95734.1","4B3R|1|Z+4B3R|1|W","4B3R|1|Z+4B3R|1|W,4B3M|1|Z+4B3M|1|W,4B3T|1|Z+4B3T|1|W"
"NR_3.0_38795.1","1YZD|1|A+1YZD|1|B","1YZD|1|A+1YZD|1|B"
"NR_3.0_98212.1","5ELR|1|B","5ELR|1|B"
"NR_3.0_86832.1","5FJ0|1|C","5FJ0|1|C,5FJ0|1|A+5FJ0|1|B"
"NR_3.0_55785.1","4M59|1|C","4M59|1|C,4OE1|1|C"
"NR_3.0_39651.1","3HJW|1|D","3HJW|1|D,3LWV|1|D,3LWR|1|D,3LWP|1|D,3LWO|1|D,3LWQ|1|D"
"NR_3.0_54661.1","2GJW|1|I+2GJW|1|J+2GJW|1|L","2GJW|1|I+2GJW|1|J+2GJW|1|L,2GJW|1|E+2GJW|1|F+2GJW|1|H"
"NR_3.0_27182.1","4M59|1|D","4M59|1|D,4OE1|1|D"
"NR_3.0_76703.4","5E81|1|1K","5E81|1|1K,5IB7|1|1K,5E81|1|1L,5IB7|1|1L"
"NR_3.0_86334.1","4LGT|1|E","4LGT|1|E,4LGT|1|F"
"NR_3.0_73553.1","7BV2|1|T+7BV2|1|P","7BV2|1|T+7BV2|1|P"
"NR_3.0_57598.2","3RG5|1|B","3RG5|1|B,3RG5|1|A"
"NR_3.0_90840.2","4ZDO|1|E","4ZDO|1|E,4ZDP|1|E,3HL2|1|E"
"NR_3.0_63209.1","3R1E|1|A+3R1E|1|B","3R1E|1|A+3R1E|1|B"
"NR_3.0_19539.1","5HNJ|1|A+5HNJ|1|B","5HNJ|1|A+5HNJ|1|B,5HNJ|1|C+5HNJ|1|D,5HN2|1|B+5HN2|1|A,5HNJ|1|E+5HNJ|1|F,5HN2|1|C+5HN2|1|D,5HN2|1|E+5HN2|1|F,5HNQ|1|A+5HNQ|1|B,5HNQ|1|C+5HNQ|1|D,5HNQ|1|K+5HNQ|1|L,5HNQ|1|E+5HNQ|1|F,5HNQ|1|I+5HNQ|1|J,5HNQ|1|M,5HNQ|1|G+5HNQ|1|H"
"NR_3.0_51156.1","3SQX|1|B","3SQX|1|B,3SQW|1|B"
"NR_3.0_12865.1","5ZSE|1|C","5ZSE|1|C,5ZSE|1|D,5ZSM|1|D,5ZSM|1|E"
"NR_3.0_90160.4","5B2P|1|B","5B2P|1|B,5B2O|1|B,5B2Q|1|B"
"NR_3.0_06650.13","6SGC|1|54+6SGC|1|84","6SGC|1|54+6SGC|1|84,6R5Q|1|5+6R5Q|1|8"
"NR_3.0_65061.3","6QZP|1|L5+6QZP|1|L8","6QZP|1|L5+6QZP|1|L8,6EK0|1|L5+6EK0|1|L8,6Y2L|1|L5+6Y2L|1|L8"
"NR_3.0_78372.4","6X1B|1|D","6X1B|1|D,6X1B|1|F,5K77|1|x,5K77|1|z,5K77|1|v,5K77|1|y,5K77|1|w,5F6C|1|C,6I0T|1|B,1B2M|1|C,1B2M|1|D,1B2M|1|E"
"NR_3.0_07184.1","2UXC|1|X+2UXC|1|Y","2UXC|1|X+2UXC|1|Y"
"NR_3.0_70955.1","1L9A|1|B","1L9A|1|B"
"NR_3.0_29848.1","3DIL|1|A","3DIL|1|A,3DIX|1|A,3DIR|1|A,3DIY|1|A,3DIQ|1|A,3DIO|1|X,3DIG|1|X,3DJ2|1|A,3DIZ|1|A,3DIM|1|A,3DJ0|1|A"
"NR_3.0_92683.1","2G3S|1|I+2G3S|1|J","2G3S|1|I+2G3S|1|J,2G3S|1|G+2G3S|1|H,2G3S|1|C+2G3S|1|D,2G3S|1|A+2G3S|1|B,2G3S|1|E+2G3S|1|F"
"NR_3.0_19677.1","5C0Y|1|D","5C0Y|1|D"
"NR_3.0_90633.15","6S0Z|1|A","6S0Z|1|A,6HMA|1|A,6S0X|1|A,5NGM|1|AA,6WQN|1|1"
"NR_3.0_51377.1","6WQN|1|2","6WQN|1|2"
"NR_3.0_09580.1","5C0Y|1|C","5C0Y|1|C"
"NR_3.0_27096.1","4WFL|1|A","4WFL|1|A"
"NR_3.0_55496.1","205D|1|A+205D|1|B","205D|1|A+205D|1|B"
"NR_3.0_50478.4","6N6F|1|D","6N6F|1|D,4OHY|1|B,4OI1|1|B,4OI0|1|B"
"NR_3.0_34355.2","6SPB|1|A","6SPB|1|A,6SPF|1|A"
"NR_3.0_37706.1","6OZP|1|C+6OZP|1|D","6OZP|1|C+6OZP|1|D,6OZS|1|C+6OZS|1|D"
"NR_3.0_51266.2","2C4Q|1|R","2C4Q|1|R,2C4Y|1|R,2C4Q|1|S,2BU1|1|R,2C4Y|1|S,2C4Z|1|S,2C4Z|1|R,2C51|1|R,2BU1|1|S,2C50|1|R,2C51|1|S,2C50|1|S,1ZDH|1|R,1ZDH|1|S,2IZ9|1|R,2IZ9|1|S,2BQ5|1|R,2BNY|1|R,2BQ5|1|S,2BNY|1|S,1AQ4|1|R,1AQ3|1|R,1AQ3|1|S,1AQ4|1|S,2IZM|1|R,2IZM|1|S,1ZDI|1|R,1KUO|1|R,1KUO|1|S,1ZDK|1|R,1ZDK|1|S,1ZDI|1|S"
"NR_3.0_34359.4","2NVQ|1|R","2NVQ|1|R"
"NR_3.0_75028.1","2IZN|1|R","2IZN|1|R,2IZN|1|S"
"NR_3.0_13358.1","1N32|1|Y+1N32|1|Z","1N32|1|Y+1N32|1|Z"
"NR_3.0_40848.1","5ZSL|1|D","5ZSL|1|D,5ZSD|1|C"
"NR_3.0_11898.1","5ZSD|1|D","5ZSD|1|D,5ZSL|1|E"
"NR_3.0_50058.1","4WTA|1|T+4WTA|1|P","4WTA|1|T+4WTA|1|P,4WTF|1|T+4WTF|1|P,4WTG|1|T+4WTG|1|P"
"NR_3.0_03690.1","6FPQ|1|B","6FPQ|1|B"
"NR_3.0_16044.1","1I9X|1|A+1I9X|1|B","1I9X|1|A+1I9X|1|B"
"NR_3.0_95409.1","1UVM|1|D","1UVM|1|D,1UVM|1|E,1UVM|1|F"
"NR_3.0_56893.1","3P59|1|E+3P59|1|A+3P59|1|C+3P59|1|G+3P59|1|B+3P59|1|D+3P59|1|F+3P59|1|H","3P59|1|E+3P59|1|A+3P59|1|C+3P59|1|G+3P59|1|B+3P59|1|D+3P59|1|F+3P59|1|H"
"NR_3.0_72830.1","5E3H|1|B+5E3H|1|C","5E3H|1|B+5E3H|1|C,6GPG|1|B+6GPG|1|C"
"NR_3.0_48777.1","4NKU|1|D","4NKU|1|D,4NKU|1|H"
"NR_3.0_10487.1","4NFQ|1|A","4NFQ|1|A,4NFQ|1|B+4NFQ|1|C,4NFO|1|A,4NFP|1|B+4NFP|1|C,4NFP|1|A,4NFO|1|B+4NFO|1|C,1YZD|1|C"
"NR_3.0_19377.2","5M3H|1|V+5M3H|1|R","5M3H|1|V+5M3H|1|R,6FHH|1|V+6FHH|1|R,6FHI|1|V+6FHI|1|R,6EVK|1|V+6EVK|1|R"
"NR_3.0_90506.34","5TBW|1|1+5TBW|1|4","5TBW|1|1+5TBW|1|4,5TBW|1|AR+5TBW|1|AT,4V88|1|A5+4V88|1|A8,4V88|1|A1+4V88|1|A4,6T4Q|1|C1+6T4Q|1|C3,6TB3|1|BQ+6TB3|1|BS,6SNT|1|1+6SNT|1|3,4U4R|1|1+4U4R|1|4,4U4R|1|5+4U4R|1|8,4U3U|1|5+4U3U|1|8,4U3U|1|1+4U3U|1|4,4U3M|1|1+4U3M|1|4,4U4Q|1|5+4U4Q|1|8,4U3M|1|5+4U3M|1|8,4U4U|1|1+4U4U|1|4,4U4Q|1|1+4U4Q|1|4,4U4U|1|5+4U4U|1|8,4U52|1|5+4U52|1|8,4U52|1|1+4U52|1|4"
"NR_3.0_48359.1","5UZ6|1|A","5UZ6|1|A,5UZ6|1|C,5UZ6|1|E,6BMD|1|C,6BMD|1|A,6BMD|1|E,5V9Z|1|A,5UX3|1|A,5V0O|1|A"
"NR_3.0_97629.1","3NL0|1|B+3NL0|1|C","3NL0|1|B+3NL0|1|C"
"NR_3.0_38699.1","6ICZ|1|H+6ICZ|1|F","6ICZ|1|H+6ICZ|1|F"
"NR_3.0_17726.2","6XUR|1|A","6XUR|1|A,2Q1R|1|A,157D|1|A+157D|1|B"
"NR_3.0_67137.1","6P7M|1|B","6P7M|1|B"
"NR_3.0_85745.1","6JQ6|1|U","6JQ6|1|U"
"NR_3.0_20758.1","5F8J|1|B+5F8J|1|C","5F8J|1|B+5F8J|1|C,5F8G|1|B+5F8G|1|C,5F8H|1|B+5F8H|1|C,5F8I|1|B+5F8I|1|C"
"NR_3.0_02086.1","3BBM|1|B+3BBM|1|C+3BBM|1|A","3BBM|1|B+3BBM|1|C+3BBM|1|A,3B5S|1|B+3B5S|1|C+3B5S|1|A,3B5A|1|B+3B5A|1|C+3B5A|1|A,3BBI|1|B+3BBI|1|C+3BBI|1|A,3BBK|1|B+3BBK|1|C+3BBK|1|A,3B91|1|B+3B91|1|C+3B91|1|A,3B5F|1|B+3B5F|1|C+3B5F|1|A,3B58|1|B+3B58|1|C+3B58|1|A,4G6P|1|B+4G6P|1|C+4G6P|1|A,4G6S|1|B+4G6S|1|C+4G6S|1|A"
"NR_3.0_55702.1","1C9S|1|W","1C9S|1|W"
"NR_3.0_81641.1","6F4G|1|C","6F4G|1|C,6F4G|1|F"
"NR_3.0_69142.1","3NMR|1|B","3NMR|1|B"
"NR_3.0_48149.1","4RMO|1|B","4RMO|1|B,4RMO|1|D,4RMO|1|H,4RMO|1|F,4RMO|1|J,4RMO|1|L,4RMO|1|N,4RMO|1|P"
"NR_3.0_41425.1","6DTD|1|C","6DTD|1|C"
"NR_3.0_12697.1","6RJA|1|D","6RJA|1|D,6RJA|1|G"
"NR_3.0_30153.5","5AXM|1|P","5AXM|1|P,5AXN|1|P,4TNA|1|A,1EHZ|1|A,1I9V|1|A,1TN1|1|A,1TN2|1|A,4TRA|1|A,6TNA|1|A,1TRA|1|A"
"NR_3.0_06843.2","1EVV|1|A","1EVV|1|A,1TTT|1|F,1TTT|1|D,1TTT|1|E"
"NR_3.0_25303.2","4V9F|1|9","4V9F|1|9,1S72|1|9,1YI2|1|9,1JJ2|1|9,3CCL|1|9,3CCU|1|9,1YIJ|1|9,3G71|1|9,1YHQ|1|9,3CMA|1|9,3G6E|1|9,3I56|1|9,3CCV|1|9,3CD6|1|9,2QEX|1|9,3CCM|1|9,1YJ9|1|9,3CC4|1|9,1YJN|1|9,2OTL|1|9,1YIT|1|9,3CC2|1|9,3CCS|1|9,2OTJ|1|9,3CCQ|1|9,3CC7|1|9,3CCR|1|9,2QA4|1|9,3CCE|1|9,3OW2|1|9,1VQ8|1|9,1VQO|1|9,1VQK|1|9,1VQ9|1|9,1VQP|1|9,1VQ7|1|9,1VQN|1|9,1VQ4|1|9,1VQ6|1|9,3CME|1|9,1M90|1|B,1QVG|1|9,1VQ5|1|9,1NJI|1|B,3CXC|1|9,3CPW|1|9,1Q81|1|B,1Q86|1|B,1Q82|1|B,1K9M|1|B,1KD1|1|B,1K8A|1|B,1FFK|1|9,1N8R|1|B"
"NR_3.0_79645.1","4KRE|1|R","4KRE|1|R"
"NR_3.0_43542.1","4HOT|1|X","4HOT|1|X"
"NR_3.0_09715.1","5NS3|1|C","5NS3|1|C,5NS4|1|C,5NS3|1|D,5NS4|1|D"
"NR_3.0_26150.2","4V9F|1|0","4V9F|1|0,1S72|1|0,1JJ2|1|0,1YI2|1|0,3CCU|1|0,3CCL|1|0,1YHQ|1|0,1YIJ|1|0,3CMA|1|0,3CCV|1|0,3G6E|1|0,3G71|1|0,3CD6|1|0,2QEX|1|0,3CCM|1|0,3I56|1|0,2OTL|1|0,3CCS|1|0,1YJN|1|0,1YJ9|1|0,3CC4|1|0,3CCQ|1|0,1YIT|1|0,3CC2|1|0,2OTJ|1|0,3CCR|1|0,3CC7|1|0,2QA4|1|0,3CCE|1|0,3OW2|1|0,1VQO|1|0,1VQ8|1|0,1VQP|1|0,1VQK|1|0,1VQN|1|0,1VQ9|1|0,1VQ7|1|0,1VQ4|1|0,1VQ6|1|0,3CPW|1|0,3CME|1|0,1M90|1|A,3CXC|1|0,1QVG|1|0,1NJI|1|A,1VQ5|1|0,1Q81|1|A,1Q82|1|A,1K9M|1|A,1KD1|1|A,1K8A|1|A,1Q86|1|A,1FFK|1|0,1FG0|1|A,1N8R|1|A"
"NR_3.0_88935.1","6D2Z|1|C","6D2Z|1|C"
"NR_3.0_63520.1","4TU0|1|F","4TU0|1|F,4TU0|1|G"
"NR_3.0_95171.1","3MJA|1|B","3MJA|1|B,3B31|1|A,3MJB|1|A"
"NR_3.0_29649.1","3ND3|1|A","3ND3|1|A"
"NR_3.0_89292.5","4V8D|1|CD","4V8D|1|CD,4V8D|1|AD,4V8D|1|AB,4V8D|1|CB"
"NR_3.0_23607.1","6IS0|1|C","6IS0|1|C"
"NR_3.0_73731.2","3U4M|1|B","3U4M|1|B,4QVI|1|B,3UMY|1|B,4QG3|1|B,3U56|1|B,5NPM|1|B"
"NR_3.0_58167.1","3E5C|1|A","3E5C|1|A,3E5F|1|A,3E5E|1|A"
"NR_3.0_01772.1","3SNP|1|D","3SNP|1|D,3SNP|1|C,2IPY|1|C,2IPY|1|D"
"NR_3.0_90150.1","5T5H|1|G","5T5H|1|G"
"NR_3.0_08337.1","1F8V|1|R","1F8V|1|R"
"NR_3.0_88987.6","5DM6|1|X","5DM6|1|X,5DM7|1|X,2ZJR|1|X"
"NR_3.0_17405.6","5DM6|1|Y","5DM6|1|Y,5DM7|1|Y,2ZJR|1|Y"
"NR_3.0_45210.1","4TYW|1|B","4TYW|1|B"
"NR_3.0_00973.1","2XS2|1|B","2XS2|1|B"
"NR_3.0_64635.1","1KD4|1|A+1KD4|1|B","1KD4|1|A+1KD4|1|B"
"NR_3.0_31819.2","1QTQ|1|B","1QTQ|1|B,4JXX|1|B,1ZJW|1|B,4V7L|1|AW,4V7L|1|CW,1EUY|1|B,4V7L|1|AY,4V7L|1|CY,1QRS|1|B,1QRT|1|B,1QRU|1|B,1GTR|1|B,2RD2|1|B,1GTS|1|B,5NWY|1|M,2RE8|1|B,1GSG|1|T,1O0C|1|B,1O0B|1|B,1EXD|1|B"
"NR_3.0_71199.2","5Z1I|1|A","5Z1I|1|A,2PWT|1|A+2PWT|1|B,5ZEG|1|A+5ZEG|1|B+5ZEG|1|C,6JBF|1|A+6JBF|1|B,5BWS|1|A+5BWS|1|B,3TD1|1|B+3TD1|1|A,4K32|1|A+4K32|1|B,5BWS|1|C+5BWS|1|D,5ZEI|1|A+5ZEI|1|B,3BNL|1|A+3BNL|1|B,6JBF|1|C+6JBF|1|D,4P3S|1|B+4P3S|1|A,2ET5|1|A+2ET5|1|B,4PDQ|1|A+4PDQ|1|B,4GPY|1|A+4GPY|1|B,4WCP|1|A+4WCP|1|B+4WCP|1|C,4GPW|1|A+4GPW|1|B,1MWL|1|A+1MWL|1|B,2ET4|1|A+2ET4|1|B,4GPX|1|A+4GPX|1|B,2ESJ|1|A+2ESJ|1|B,5Z1H|1|B+5Z1H|1|A,2ESI|1|A+2ESI|1|B,4WCQ|1|A+4WCQ|1|B,4F8V|1|A+4F8V|1|B,3WRU|1|A+3WRU|1|B,4F8U|1|A+4F8U|1|B,3S4P|1|A+3S4P|1|B,4P20|1|A+4P20|1|B,1LC4|1|A+1LC4|1|B,2ET3|1|A+2ET3|1|B,5Z71|1|B+5Z71|1|A,2BE0|1|A+2BE0|1|B,2BEE|1|A+2BEE|1|B,1J7T|1|A+1J7T|1|B,2G5Q|1|A+2G5Q|1|B,1YRJ|1|A+1YRJ|1|B,2F4T|1|B+2F4T|1|A"
"NR_3.0_24890.1","6TC3|1|PTR1","6TC3|1|PTR1,6TBV|1|PTR1"
"NR_3.0_31135.1","5AOR|1|C","5AOR|1|C,5AOR|1|D"
"NR_3.0_66108.1","2DRA|1|B","2DRA|1|B,2DVI|1|B,2ZH6|1|B,2DR8|1|B,2DRB|1|B,2DR9|1|B,2ZH3|1|B,2ZH2|1|B,2ZH1|1|B,2ZH4|1|B,2ZH8|1|B,2ZH7|1|B,2DR7|1|B,2ZH5|1|B,2ZHA|1|B,2ZH9|1|B,2DR5|1|B"
"NR_3.0_16324.1","2VOD|1|D","2VOD|1|D,2VOD|1|C"
"NR_3.0_62361.1","6JOO|1|B","6JOO|1|B"
"NR_3.0_11709.1","3ZGZ|1|B","3ZGZ|1|B,4AQ7|1|B,5OMW|1|B,3ZGZ|1|E,4AS1|1|B,4ARI|1|B,4AQ7|1|E,4CQN|1|B,3ZJT|1|B,5OMW|1|E,3ZJU|1|B,4ARC|1|B,4CQN|1|E,3ZJV|1|B"
"NR_3.0_51076.1","1QC0|1|C+1QC0|1|D","1QC0|1|C+1QC0|1|D"
"NR_3.0_14761.1","5WWX|1|C","5WWX|1|C"
"NR_3.0_47083.1","6TB3|1|n","6TB3|1|n"
"NR_3.0_91124.3","6HC5|1|A","6HC5|1|A,5NEP|1|A,6HBX|1|A,6HBT|1|A,5NEX|1|A,5NEO|1|A,5NEQ|1|A,5NEF|1|A,5NOM|1|A"
"NR_3.0_94467.2","6VQV|1|L","6VQV|1|L"
"NR_3.0_69813.7","6OF1|1|1w","6OF1|1|1w,5IBB|1|1K,6CAE|1|1y,6O97|1|1w,6OF1|1|1y,6OF1|1|2w,6ND6|1|1y,6O97|1|1y,5IBB|1|3L,6CAE|1|1w,6OF1|1|2y,6CAE|1|2y,6ND6|1|1w,6CAE|1|2w,6O97|1|2y,5IBB|1|3K,6ND6|1|2y,6O97|1|2w,6ND6|1|2w"
"NR_3.0_98705.4","2P7E|1|D+2P7E|1|C+2P7E|1|P","2P7E|1|D+2P7E|1|C+2P7E|1|P,2NPY|1|D+2NPY|1|C+2NPY|1|A+2NPY|1|B,1ZFT|1|D+1ZFT|1|C+1ZFT|1|A+1ZFT|1|B,2P7F|1|D+2P7F|1|C+2P7F|1|A+2P7F|1|B,1ZFV|1|D+1ZFV|1|C+1ZFV|1|A+1ZFV|1|B,2OUE|1|D+2OUE|1|C+2OUE|1|A+2OUE|1|B,2P7D|1|D+2P7D|1|C+2P7D|1|P,2D2L|1|D+2D2L|1|C+2D2L|1|A+2D2L|1|B,2FGP|1|D+2FGP|1|C+2FGP|1|A+2FGP|1|B,1X9C|1|D+1X9C|1|C+1X9C|1|A+1X9C|1|B,1ZFX|1|D+1ZFX|1|C+1ZFX|1|A+1ZFX|1|B,2BCZ|1|D+2BCZ|1|C+2BCZ|1|A+2BCZ|1|B,2D2K|1|D+2D2K|1|C+2D2K|1|A+2D2K|1|B,2BCY|1|D+2BCY|1|C+2BCY|1|A+2BCY|1|B,4G6R|1|D+4G6R|1|C+4G6R|1|A+4G6R|1|B,3GS8|1|D+3GS8|1|C+3GS8|1|A+3GS8|1|B,3GS1|1|D+3GS1|1|C+3GS1|1|A+3GS1|1|B"
"NR_3.0_20784.1","4TZ0|1|B","4TZ0|1|B"
"NR_3.0_10796.1","1BR3|1|A","1BR3|1|A"
"NR_3.0_28594.1","2X1F|1|B","2X1F|1|B,2X1A|1|B"
"NR_3.0_24746.1","1YYW|1|I+1YYW|1|J","1YYW|1|I+1YYW|1|J,1YYW|1|E+1YYW|1|F,1YYW|1|G+1YYW|1|H,1YYW|1|K+1YYW|1|L"
"NR_3.0_48352.1","4XWF|1|A","4XWF|1|A,4XW7|1|A"
"NR_3.0_60906.1","4JAB|1|A+4JAB|1|B","4JAB|1|A+4JAB|1|B"
"NR_3.0_27697.1","439D|1|A+439D|1|B","439D|1|A+439D|1|B"
"NR_3.0_67355.2","4CS1|1|A","4CS1|1|A,6Q8U|1|A+6Q8U|1|B,4C40|1|A"
"NR_3.0_94729.3","4NLF|1|A","4NLF|1|A,5D99|1|A,1Q9A|1|A,4NMG|1|A,3DW4|1|A,3DW6|1|A,4Y27|1|A,3DVZ|1|A,4NXH|1|A,5NQI|1|A,3S7C|1|A,5MRX|1|A,3DW5|1|A,3DW7|1|A,483D|1|A,3S8U|1|A,1MSY|1|A,480D|1|A,1JBR|1|D,1JBT|1|C,1JBT|1|D,1JBS|1|D,1JBS|1|C"
"NR_3.0_89906.2","5HC9|1|D","5HC9|1|D,4WC2|1|B,5HC9|1|C,1VFG|1|D,1VFG|1|C"
"NR_3.0_53005.1","5NXT|1|U","5NXT|1|U"
"NR_3.0_11028.1","5O1Y|1|B","5O1Y|1|B"
"NR_3.0_48748.1","5T5A|1|A","5T5A|1|A"
"NR_3.0_73286.10","6QW6|1|5","6QW6|1|5,6ICZ|1|B,6ID0|1|B,6ID1|1|B"
"NR_3.0_03715.1","1QU2|1|T","1QU2|1|T,1QU3|1|T,1FFY|1|T"
"NR_3.0_77683.1","2JEA|1|C","2JEA|1|C"
"NR_3.0_38099.1","3BNR|1|C+3BNR|1|D","3BNR|1|C+3BNR|1|D,3BNR|1|A+3BNR|1|B,3BNS|1|C+3BNS|1|D,3BNS|1|A+3BNS|1|B,3BNQ|1|C+3BNQ|1|D,3BNQ|1|A+3BNQ|1|B"
"NR_3.0_82338.1","6YYT|1|P+6YYT|1|Q+6YYT|1|U+6YYT|1|T","6YYT|1|P+6YYT|1|Q+6YYT|1|U+6YYT|1|T"
"NR_3.0_30196.1","5C9H|1|C+5C9H|1|D","5C9H|1|C+5C9H|1|D"
"NR_3.0_55295.1","3FTE|1|C+3FTE|1|D","3FTE|1|C+3FTE|1|D"
"NR_3.0_42560.1","2ZI0|1|C+2ZI0|1|D","2ZI0|1|C+2ZI0|1|D"
"NR_3.0_28023.1","5EX7|1|B","5EX7|1|B"
"NR_3.0_50004.1","1FXL|1|B","1FXL|1|B"
"NR_3.0_77275.1","4K31|1|B+4K31|1|C","4K31|1|B+4K31|1|C"
"NR_3.0_38180.1","5MFX|1|B","5MFX|1|B"
"NR_3.0_34492.3","398D|1|C","398D|1|C,398D|1|A"
"NR_3.0_51791.1","3DH3|1|F+3DH3|1|E","3DH3|1|F+3DH3|1|E,3DH3|1|G+3DH3|1|H"
"NR_3.0_17996.2","4J7L|1|B","4J7L|1|B,5W0M|1|J,5BUD|1|E,5W0M|1|I,5W0M|1|H,4J7M|1|B,5BUD|1|D,6A4E|1|B,6A4E|1|D"
"NR_3.0_71188.1","5TDJ|1|A","5TDJ|1|A,5TDJ|1|B,4MSR|1|A+4MSR|1|B,5TDK|1|A+5TDK|1|B,4MS9|1|A,4MSB|1|A+4MSB|1|B,4MSB|1|C+4MSB|1|D,4MSB|1|E+4MSB|1|F,100D|1|A+100D|1|B,161D|1|B,161D|1|A,394D|1|A+394D|1|B,393D|1|A,393D|1|B"
"NR_3.0_54899.1","6KQF|1|I","6KQF|1|I,6KON|1|I"
"NR_3.0_97864.1","4WTD|1|T+4WTD|1|P","4WTD|1|T+4WTD|1|P,5UJ2|1|T+5UJ2|1|P"
"NR_3.0_70203.1","217D|1|A","217D|1|A,216D|1|A"
"NR_3.0_36938.1","5I9H|1|B","5I9H|1|B"
"NR_3.0_55964.1","5D5L|1|A","5D5L|1|A,5D5L|1|D,5D5L|1|B,5D5L|1|C"
"NR_3.0_97196.1","3V71|1|B","3V71|1|B"
"NR_3.0_95110.1","1RPU|1|C+1RPU|1|D","1RPU|1|C+1RPU|1|D"
"NR_3.0_60167.4","3C3Z|1|A+3C3Z|1|B","3C3Z|1|A+3C3Z|1|B,2OIY|1|A+2OIY|1|B,462D|1|B+462D|1|A,1NLC|1|B+1NLC|1|A,3C44|1|A+3C44|1|B,1O3Z|1|B+1O3Z|1|A,3C7R|1|A+3C7R|1|B,3C5D|1|A+3C5D|1|B,2OJ0|1|A+2OJ0|1|B,1Y73|1|B+1Y73|1|A,1Y99|1|A+1Y99|1|B,3DVV|1|A+3DVV|1|B,1WVD|1|B+1WVD|1|A,1Y6T|1|B+1Y6T|1|A,2OIJ|1|A+2OIJ|1|B,1Y95|1|B+1Y95|1|A,3FAR|1|A+3FAR|1|B,1Y6S|1|B+1Y6S|1|A,2QEK|1|A+2QEK|1|B"
"NR_3.0_19013.1","2Z2Q|1|R","2Z2Q|1|R"
"NR_3.0_58433.1","5O3J|1|B","5O3J|1|B"
"NR_3.0_16758.1","5F5F|1|B","5F5F|1|B,5F5F|1|D,5F5F|1|H"
"NR_3.0_32676.1","2F8K|1|B","2F8K|1|B"
"NR_3.0_39506.1","5F5F|1|F","5F5F|1|F"
"NR_3.0_35127.1","6X5M|1|r","6X5M|1|r,6X5M|1|R"
"NR_3.0_21280.12","6SGC|1|A1","6SGC|1|A1,6YAL|1|2,6R5Q|1|K"
"NR_3.0_46995.9","6QZP|1|S2","6QZP|1|S2,6EK0|1|S2,6Y2L|1|S2"
"NR_3.0_52425.1","2EZ6|1|D","2EZ6|1|D,2EZ6|1|C,4M30|1|D,4M30|1|C,2NUF|1|D,2NUF|1|C,4M2Z|1|C,4M2Z|1|D"
"NR_3.0_27290.1","419D|1|C+419D|1|D","419D|1|C+419D|1|D,419D|1|A+419D|1|B"
"NR_3.0_45527.1","4N2Q|1|B","4N2Q|1|B"
"NR_3.0_79951.1","4OJI|1|A","4OJI|1|A"
"NR_3.0_99432.1","1DUH|1|A","1DUH|1|A"
"NR_3.0_88566.1","3MOJ|1|A","3MOJ|1|A"
"NR_3.0_09020.1","5ELT|1|F","5ELT|1|F,5ELT|1|E"
"NR_3.0_42932.1","4P43|1|B+4P43|1|A","4P43|1|B+4P43|1|A"
"NR_3.0_84294.1","6BM4|1|R","6BM4|1|R"
"NR_3.0_51962.3","4YCP|1|B","4YCP|1|B"
"NR_3.0_43929.1","6UV1|1|C","6UV1|1|C"
"NR_3.0_66187.1","2TMV|1|R","2TMV|1|R"
"NR_3.0_85514.1","1YYK|1|C+1YYK|1|D","1YYK|1|C+1YYK|1|D,1YYK|1|E+1YYK|1|F,1YYO|1|E+1YYO|1|F,1YYO|1|C+1YYO|1|D"
"NR_3.0_87893.1","1IHA|1|A+1IHA|1|B","1IHA|1|A+1IHA|1|B,165D|1|A+165D|1|B,1IDW|1|A+1IDW|1|B"
"NR_3.0_13614.1","6KWQ|1|B","6KWQ|1|B"
"NR_3.0_31263.1","4ILL|1|R","4ILL|1|R,4ILL|1|C"
"NR_3.0_90696.1","5WTK|1|B","5WTK|1|B"
"NR_3.0_82984.1","4ENC|1|A","4ENC|1|A,4ENB|1|A,3VRS|1|A,4ENA|1|A,4EN5|1|A"
"NR_3.0_86744.1","3SZX|1|A+3SZX|1|B","3SZX|1|A+3SZX|1|B"
"NR_3.0_06402.1","4AL5|1|B","4AL5|1|B,4AL7|1|B"
"NR_3.0_82735.1","4WTL|1|T+4WTL|1|P","4WTL|1|T+4WTL|1|P"
"NR_3.0_86244.1","4OLA|1|B","4OLA|1|B,4OLB|1|B,4EI1|1|B,4EI3|1|B"
"NR_3.0_37028.1","5XTM|1|D","5XTM|1|D"
"NR_3.0_23835.1","5XTM|1|B","5XTM|1|B"
"NR_3.0_45043.3","4WRT|1|V+4WRT|1|R","4WRT|1|V+4WRT|1|R,6QCW|1|V+6QCW|1|R+6QCW|1|M,6T0N|1|V+6T0N|1|R"
"NR_3.0_27756.1","3D2V|1|A","3D2V|1|A,3D2X|1|A,3D2V|1|B,3D2G|1|A,3D2X|1|B,2CKY|1|A,3D2G|1|B,2CKY|1|B"
"NR_3.0_89129.1","1Z7F|1|B+1Z7F|1|C","1Z7F|1|B+1Z7F|1|C"
"NR_3.0_08929.1","5LTA|1|E","5LTA|1|E"
"NR_3.0_97847.1","6PUN|1|B","6PUN|1|B,6PUN|1|D"
"NR_3.0_13174.1","4E58|1|D+4E58|1|C+4E58|1|E","4E58|1|D+4E58|1|C+4E58|1|E"
"NR_3.0_34992.1","3L25|1|C+3L25|1|F","3L25|1|C+3L25|1|F,3L26|1|C"
"NR_3.0_41357.1","5EV3|1|B","5EV3|1|B,5EV2|1|B"
"NR_3.0_34681.1","5THE|1|H","5THE|1|H,5THE|1|F,5THE|1|B,5THE|1|D"
"NR_3.0_12260.3","3MXH|1|R","3MXH|1|R,3MUM|1|R,3UCZ|1|R,4YB1|1|R,3MUR|1|R,3UD4|1|R,3MUT|1|R,3IRW|1|R,3UCU|1|R"
"NR_3.0_65712.1","3VNV|1|T+3VNV|1|G","3VNV|1|T+3VNV|1|G"
"NR_3.0_38769.1","5I9D|1|B","5I9D|1|B"
"NR_3.0_21191.1","3BNT|1|A","3BNT|1|A"
"NR_3.0_35535.1","1VQ6|1|4","1VQ6|1|4"
"NR_3.0_80808.1","6IFN|1|N","6IFN|1|N"
"NR_3.0_57417.1","3HO1|1|Y","3HO1|1|Y"
"NR_3.0_72182.1","4AM3|1|E","4AM3|1|E,4AM3|1|D,4AM3|1|H,4AM3|1|I"
"NR_3.0_95803.1","3BX3|1|C","3BX3|1|C,3BX3|1|D"
"NR_3.0_08420.1","2A43|1|A","2A43|1|A"
"NR_3.0_14518.1","1FUF|1|A+1FUF|1|B","1FUF|1|A+1FUF|1|B,1IK5|1|A+1IK5|1|B"
"NR_3.0_40597.1","2HW8|1|B","2HW8|1|B,1ZHO|1|D,1ZHO|1|B,1ZHO|1|F,1ZHO|1|H"
"NR_3.0_13221.1","1H3E|1|B","1H3E|1|B"
"NR_3.0_56345.1","5SWD|1|B","5SWD|1|B,5E54|1|B,5E54|1|A,5SWD|1|A"
"NR_3.0_45605.1","5ED2|1|F+5ED2|1|E","5ED2|1|F+5ED2|1|E,5ED2|1|C+5ED2|1|B"
"NR_3.0_13312.1","5Y6Z|1|B+5Y6Z|1|C","5Y6Z|1|B+5Y6Z|1|C,5Y6Z|1|F+5Y6Z|1|G"
"NR_3.0_83946.1","5GUH|1|B","5GUH|1|B"
"NR_3.0_80093.2","4LJ0|1|C","4LJ0|1|C,4LJ0|1|D,4LJ0|1|E"
"NR_3.0_76177.1","2GXB|1|E+2GXB|1|F","2GXB|1|E+2GXB|1|F"
"NR_3.0_29342.1","6V3A|1|AN1","6V3A|1|AN1,6V3B|1|AN1,6V3D|1|AN1"
"NR_3.0_98152.1","4WTJ|1|T+4WTJ|1|P","4WTJ|1|T+4WTJ|1|P"
"NR_3.0_36229.1","4XBF|1|D","4XBF|1|D"
"NR_3.0_32986.1","6OW3|1|I","6OW3|1|I,6OVY|1|I"
"NR_3.0_98573.1","4Z0C|1|C","4Z0C|1|C,4Z0C|1|B"
"NR_3.0_55504.1","5JXS|1|B+5JXS|1|C","5JXS|1|B+5JXS|1|C"
"NR_3.0_11837.1","5KLA|1|B","5KLA|1|B"
"NR_3.0_26402.1","2NUG|1|E+2NUG|1|F+2NUG|1|C+2NUG|1|D","2NUG|1|E+2NUG|1|F+2NUG|1|C+2NUG|1|D"
"NR_3.0_85536.1","5W1H|1|B","5W1H|1|B,5W1I|1|B,5W1I|1|D"
"NR_3.0_99291.1","2QKB|1|C","2QKB|1|C"
"NR_3.0_29537.1","6BHJ|1|E","6BHJ|1|E,6BHJ|1|F"
"NR_3.0_94833.2","6N6D|1|D","6N6D|1|D,6N6K|1|C,6N6K|1|D,3RTJ|1|D,1APG|1|D,6TY9|1|M"
"NR_3.0_74174.1","5KPY|1|A","5KPY|1|A"
"NR_3.0_79575.1","5T5H|1|H","5T5H|1|H"
"NR_3.0_83767.1","6CMN|1|D","6CMN|1|D"
"NR_3.0_07714.1","6LSF|1|C+6LSF|1|B","6LSF|1|C+6LSF|1|B"
"NR_3.0_76114.1","3RKF|1|C","3RKF|1|C,3RKF|1|B,3RKF|1|A,3RKF|1|D"
"NR_3.0_22223.1","3CGP|1|B+3CGP|1|A","3CGP|1|B+3CGP|1|A,3CGQ|1|B+3CGQ|1|A"
"NR_3.0_09702.1","4RJ1|1|B","4RJ1|1|B"
"NR_3.0_84359.1","3S14|1|R","3S14|1|R"
"NR_3.0_18913.1","4QPX|1|P+4QPX|1|T","4QPX|1|P+4QPX|1|T"
"NR_3.0_09431.1","4PR6|1|B","4PR6|1|B"
"NR_3.0_07733.2","5IB7|1|3L","5IB7|1|3L,5IB7|1|3K"
"NR_3.0_28720.1","4J1G|1|E","4J1G|1|E"
"NR_3.0_96572.1","1UVL|1|B","1UVL|1|B,1UVL|1|F,1UVL|1|D"
"NR_3.0_09827.1","3AVY|1|T+3AVY|1|G","3AVY|1|T+3AVY|1|G"
"NR_3.0_74199.1","1NTA|1|A+1NTA|1|B","1NTA|1|A+1NTA|1|B,1NTB|1|A+1NTB|1|B"
"NR_3.0_63837.1","5WTY|1|D","5WTY|1|D"
"NR_3.0_66547.1","5WTY|1|C","5WTY|1|C"
"NR_3.0_99751.1","2HVY|1|E","2HVY|1|E"
"NR_3.0_15952.1","1SI2|1|B","1SI2|1|B"
"NR_3.0_59317.1","6DB9|1|R","6DB9|1|R,6DB8|1|R"
"NR_3.0_28506.1","3V6Y|1|B","3V6Y|1|B"
"NR_3.0_60255.1","4LMZ|1|B","4LMZ|1|B"
"NR_3.0_64918.4","6SCE|1|B","6SCE|1|B,6SCF|1|I,6SCF|1|K,6SCF|1|M,6SCF|1|L,6O6X|1|D,4BA2|1|R,6O6X|1|C,6O7B|1|C,6O6V|1|C,6R9R|1|D,6OV0|1|E,6OV0|1|H,6OV0|1|G,6O6V|1|D,6OV0|1|F,6O7B|1|D,6R9R|1|E,6O7H|1|K"
"NR_3.0_94767.1","6O5F|1|D+6O5F|1|C","6O5F|1|D+6O5F|1|C"
"NR_3.0_42401.1","4RDX|1|C","4RDX|1|C"
"NR_3.0_71520.1","1H38|1|F","1H38|1|F,1H38|1|I,1H38|1|L,1H38|1|O"
"NR_3.0_25585.3","4Z4D|1|B+4Z4D|1|D","4Z4D|1|B+4Z4D|1|D,4Z4E|1|B+4Z4E|1|D,4W5O|1|B+4W5O|1|D,4Z4C|1|B+4Z4C|1|D,4Z4H|1|B+4Z4H|1|D,6CBD|1|B+6CBD|1|C,4Z4I|1|B+4Z4I|1|D,4Z4G|1|B+4Z4G|1|D,4W5T|1|B+4W5T|1|D,4Z4F|1|B+4Z4F|1|D,4W5R|1|B+4W5R|1|D"
"NR_3.0_52761.1","3TD0|1|B+3TD0|1|A","3TD0|1|B+3TD0|1|A"
"NR_3.0_19822.1","6RT6|1|A","6RT6|1|A,6RT6|1|E"
"NR_3.0_90383.1","6KOO|1|I","6KOO|1|I,5ZX2|1|I"
"NR_3.0_21041.1","5MWI|1|A","5MWI|1|A"
"NR_3.0_96413.1","5LR5|1|C+5LR5|1|D","5LR5|1|C+5LR5|1|D,5LR5|1|A+5LR5|1|B"
"NR_3.0_96380.1","2IX1|1|B","2IX1|1|B"
"NR_3.0_25771.1","5D0A|1|F","5D0A|1|F,5D0A|1|E,5T8Y|1|X"
"NR_3.0_26284.1","1H4S|1|T","1H4S|1|T,1H4Q|1|T"
"NR_3.0_86160.1","5BZ5|1|B","5BZ5|1|B"
"NR_3.0_02657.1","5ZUU|1|I","5ZUU|1|I,5ZUU|1|G"
"NR_3.0_53424.1","2GUN|1|B","2GUN|1|B"
"NR_3.0_19502.2","4RGE|1|C","4RGE|1|C,4RGE|1|B,4RGE|1|A,5DUN|1|A"
"NR_3.0_60469.1","4N0T|1|B","4N0T|1|B,5TF6|1|B,5TF6|1|D"
"NR_3.0_41718.1","4KYY|1|A+4KYY|1|B","4KYY|1|A+4KYY|1|B"
"NR_3.0_92029.1","6UGI|1|A","6UGI|1|A,6UGJ|1|A"
"NR_3.0_45693.1","3VJR|1|B","3VJR|1|B,3VJR|1|D"
"NR_3.0_24819.3","1IL2|1|C","1IL2|1|C,1IL2|1|D,2TRA|1|A,3TRA|1|A,1ASZ|1|S,1ASY|1|S,1ASZ|1|R,1ASY|1|R,1VTQ|1|A"
"NR_3.0_40559.1","4PEH|1|W","4PEH|1|W,4PEH|1|V,4PEH|1|X,4PEH|1|Y"
"NR_3.0_06133.1","4PEH|1|Z","4PEH|1|Z"
"NR_3.0_65028.2","359D|1|B+359D|1|A","359D|1|B+359D|1|A,301D|1|B+301D|1|A,299D|1|B+299D|1|A,300D|1|B+300D|1|A,1NYI|1|B+1NYI|1|A,1Q29|1|B+1Q29|1|A"
"NR_3.0_26892.1","5T5H|1|E","5T5H|1|E"
"NR_3.0_54575.1","5T5H|1|D","5T5H|1|D"
"NR_3.0_61171.1","6GSJ|1|3L","6GSJ|1|3L,6GSJ|1|3K"
"NR_3.0_97060.1","5T5H|1|B","5T5H|1|B"
"NR_3.0_02402.1","4WTE|1|T+4WTE|1|P","4WTE|1|T+4WTE|1|P"
"NR_3.0_61167.1","4U35|1|B+4U35|1|A","4U35|1|B+4U35|1|A"
"NR_3.0_29312.1","2V6W|1|A+2V6W|1|B","2V6W|1|A+2V6W|1|B"
"NR_3.0_33278.1","5LYS|1|B","5LYS|1|B,5LYV|1|B,5LYS|1|A,5LYU|1|B,5LYU|1|A,5LYV|1|A"
"NR_3.0_94396.3","4WAN|1|B","4WAN|1|B,4WAN|1|F,4WAN|1|H,4WAN|1|D,4WAL|1|B"
"NR_3.0_36712.2","1ZL3|1|B","1ZL3|1|B,2AB4|1|B,1ZE2|1|C,1ZE2|1|D,1K8W|1|B"
"NR_3.0_77464.1","4AOB|1|A","4AOB|1|A,4AEB|1|A"
"NR_3.0_48252.1","5XUZ|1|B","5XUZ|1|B,5XUZ|1|F,5XUT|1|B,5XUS|1|B,5XUU|1|B"
"NR_3.0_26816.1","3K5Z|1|B","3K5Z|1|B"
"NR_3.0_73441.1","5BJO|1|E","5BJO|1|E,5BJP|1|E,5BJO|1|Y,5BJP|1|Y,6E81|1|A,6E80|1|A,6E84|1|A"
"NR_3.0_04979.1","6AAY|1|B","6AAY|1|B"
"NR_3.0_98433.1","6E8S|1|A","6E8S|1|A,6E8S|1|B"
"NR_3.0_10954.1","2E9R|1|A+2E9R|1|B","2E9R|1|A+2E9R|1|B"
"NR_3.0_19241.1","1JZV|1|B+1JZV|1|A","1JZV|1|B+1JZV|1|A,1JZV|1|D+1JZV|1|C"
"NR_3.0_31462.1","6VRB|1|B","6VRB|1|B"
"NR_3.0_46866.1","4BWM|1|G","4BWM|1|G"
"NR_3.0_86033.1","6DCL|1|D","6DCL|1|D"
"NR_3.0_38306.1","6DCL|1|C","6DCL|1|C"
"NR_3.0_73378.1","4NH3|1|B","4NH3|1|B"
"NR_3.0_17782.1","3R1C|1|Q+3R1C|1|R","3R1C|1|Q+3R1C|1|R,3R1C|1|T+3R1C|1|U,3R1C|1|M+3R1C|1|N,3R1C|1|A+3R1C|1|B,3R1C|1|O+3R1C|1|P,3R1C|1|V+3R1C|1|Z,3R1C|1|a+3R1C|1|b,3R1C|1|G+3R1C|1|H,3R1C|1|S+3R1C|1|Y"
"NR_3.0_20814.1","3SUX|1|X","3SUX|1|X,3SUH|1|X"
"NR_3.0_87852.1","5JCH|1|U+5JCH|1|V","5JCH|1|U+5JCH|1|V,5JCH|1|X+5JCH|1|Y,5JC3|1|X+5JC3|1|Y,5JCF|1|C+5JCF|1|D,5JC3|1|C+5JC3|1|D"
"NR_3.0_72697.1","1T0E|1|A+1T0E|1|C","1T0E|1|A+1T0E|1|C"
"NR_3.0_49582.1","4FXD|1|E","4FXD|1|E,4FXD|1|F"
"NR_3.0_88747.1","5NFV|1|B","5NFV|1|B,6I1L|1|E,6I1L|1|B,6I1K|1|B"
"NR_3.0_34221.1","1B23|1|R","1B23|1|R"
"NR_3.0_49730.1","4X4V|1|B","4X4V|1|B,4X4V|1|D,4X4U|1|B,4X4U|1|D"
"NR_3.0_07663.1","3RER|1|K","3RER|1|K,4HT9|1|E"
"NR_3.0_12869.1","4L81|1|A","4L81|1|A"
"NR_3.0_21747.1","4TYY|1|B","4TYY|1|B"
"NR_3.0_95407.1","3R1D|1|A+3R1D|1|B","3R1D|1|A+3R1D|1|B,3R1D|1|C+3R1D|1|D"
"NR_3.0_40895.1","4JVY|1|D","4JVY|1|D,4JVY|1|F"
"NR_3.0_42548.1","5WZH|1|B","5WZH|1|B"
"NR_3.0_22632.1","4M6D|1|H","4M6D|1|H,4M6D|1|F,4M6D|1|J,4M6D|1|D,4M6D|1|L,4M6D|1|B"
"NR_3.0_18859.1","6JQ5|1|B+6JQ5|1|A","6JQ5|1|B+6JQ5|1|A"
"NR_3.0_73165.2","4PRF|1|B","4PRF|1|B,2OJ3|1|B,1SJF|1|B,1VC0|1|B,1VC6|1|B,1VBZ|1|B,1SJ4|1|R,1SJ3|1|R,2OIH|1|B,1VBY|1|B,1VBX|1|B,1CX0|1|B,1VC7|1|B,1DRZ|1|B"
"NR_3.0_13485.1","1U1Y|1|R","1U1Y|1|R,1U1Y|1|S"
"NR_3.0_99121.1","5FQ5|1|A","5FQ5|1|A,5FW2|1|A,4UN4|1|A,6AEG|1|A,4UN5|1|A,5FW3|1|A,4UN3|1|A,6K4Q|1|A,6K4P|1|A,5FW1|1|A,6K57|1|A,6AEB|1|A,6AEB|1|E"
"NR_3.0_43299.1","5VW1|1|C","5VW1|1|C"
"NR_3.0_85902.1","1CVJ|1|M","1CVJ|1|M"
"NR_3.0_83641.1","4Y1M|1|B","4Y1M|1|B,4Y1M|1|A"
"NR_3.0_52030.1","6H9H|1|D","6H9H|1|D,6H9I|1|C,6H9I|1|E"
"NR_3.0_73942.1","1EFO|1|B","1EFO|1|B"
"NR_3.0_30547.1","4II9|1|C","4II9|1|C"
"NR_3.0_93599.1","5UDZ|1|W","5UDZ|1|W,5UDZ|1|V,3TS0|1|V,3TS0|1|U"
"NR_3.0_09579.1","5C5W|1|A","5C5W|1|A"
"NR_3.0_82055.1","6ASO|1|I","6ASO|1|I"
"NR_3.0_16983.1","1J9H|1|A+1J9H|1|B","1J9H|1|A+1J9H|1|B,1J9H|1|C+1J9H|1|D"
"NR_3.0_25813.1","3FTF|1|C+3FTF|1|D","3FTF|1|C+3FTF|1|D"
"NR_3.0_51631.1","3NNH|1|E","3NNH|1|E"
"NR_3.0_49747.1","3NNH|1|F","3NNH|1|F"
"NR_3.0_98055.1","3Q0S|1|B","3Q0S|1|B,3Q0N|1|C"
"NR_3.0_38259.1","3PU4|1|R","3PU4|1|R"
"NR_3.0_19513.1","438D|1|A+438D|1|B","438D|1|A+438D|1|B"
"NR_3.0_58041.1","5F6C|1|E","5F6C|1|E"
"NR_3.0_08212.1","1XJR|1|A","1XJR|1|A"
"NR_3.0_99181.1","1MSW|1|R","1MSW|1|R"
"NR_3.0_80112.1","4RCJ|1|B","4RCJ|1|B"
"NR_3.0_57261.1","6GD3|1|P","6GD3|1|P"
"NR_3.0_19188.1","4QEI|1|C","4QEI|1|C"
"NR_3.0_54107.1","5ED1|1|C+5ED1|1|B","5ED1|1|C+5ED1|1|B,5HP2|1|C+5HP2|1|B"
"NR_3.0_67726.2","5F9F|1|F","5F9F|1|F,5F9F|1|L,5F9F|1|H,5F9F|1|B,5F9F|1|J,5F9F|1|D"
"NR_3.0_59755.1","2JLW|1|D","2JLW|1|D,2JLW|1|C"
"NR_3.0_60897.1","6E0O|1|C","6E0O|1|C,6O75|1|D,6O75|1|C,6E0O|1|B"
"NR_3.0_74849.1","1MMS|1|C","1MMS|1|C,1MMS|1|D"
"NR_3.0_86272.1","3MEI|1|A+3MEI|1|B","3MEI|1|A+3MEI|1|B"
"NR_3.0_51503.1","4X4N|1|D","4X4N|1|D,4X4N|1|B,4X4T|1|G,4X4P|1|B,4X4T|1|B,4X4P|1|H,4X4P|1|D,4X4P|1|F,4X4N|1|G,4X4T|1|D"
"NR_3.0_40750.1","5ELH|1|R","5ELH|1|R"
"NR_3.0_58198.1","2R1S|1|A+2R1S|1|B","2R1S|1|A+2R1S|1|B,2R22|1|A+2R22|1|B,2R21|1|A+2R21|1|B,2R20|1|A+2R20|1|B"
"NR_3.0_40545.1","3KNC|1|B","3KNC|1|B"
"NR_3.0_10769.1","1YVP|1|H","1YVP|1|H"
"NR_3.0_70938.1","4XW0|1|A+4XW0|1|B","4XW0|1|A+4XW0|1|B"
"NR_3.0_65073.1","3Q3Z|1|V","3Q3Z|1|V,3Q3Z|1|A"
"NR_3.0_72319.1","5LR3|1|A+5LR3|1|B","5LR3|1|A+5LR3|1|B"
"NR_3.0_58704.1","6O16|1|C","6O16|1|C,6O16|1|D"
"NR_3.0_08150.1","1YVP|1|G","1YVP|1|G"
"NR_3.0_68928.1","4D25|1|D","4D25|1|D,4D26|1|D"
"NR_3.0_35448.1","3JCS|1|5","3JCS|1|5"
"NR_3.0_03414.1","3JCS|1|6","3JCS|1|6"
"NR_3.0_40535.1","3JCS|1|3","3JCS|1|3"
"NR_3.0_76733.1","3DD2|1|B","3DD2|1|B"
"NR_3.0_49339.2","5DHC|1|C+5DHC|1|D","5DHC|1|C+5DHC|1|D,5DHC|1|A+5DHC|1|B,5HBX|1|C+5HBX|1|D,5HBX|1|A+5HBX|1|B,5V0J|1|A+5V0J|1|B"
"NR_3.0_23180.1","1HYS|1|E","1HYS|1|E"
"NR_3.0_47330.1","3SKL|1|B","3SKL|1|B,3SKL|1|A,3SKW|1|A,3SKW|1|B"
"NR_3.0_13685.1","4PMW|1|D","4PMW|1|D,4PMW|1|C"
"NR_3.0_37298.1","2ASB|1|B","2ASB|1|B"
"NR_3.0_64766.1","6F4H|1|D","6F4H|1|D"
"NR_3.0_60125.2","6T4Q|1|6","6T4Q|1|6,6SNT|1|6"
"NR_3.0_59905.1","6C2P|1|D","6C2P|1|D,6DTA|1|D"
"NR_3.0_17852.1","3CGR|1|B+3CGR|1|A","3CGR|1|B+3CGR|1|A"
"NR_3.0_38078.1","3MJ0|1|B","3MJ0|1|B"
"NR_3.0_99060.1","353D|1|A+353D|1|B","353D|1|A+353D|1|B"
"NR_3.0_04974.3","4U3L|1|A+4U3L|1|B","4U3L|1|A+4U3L|1|B,4U3O|1|A+4U3O|1|B,4U3R|1|A+4U3R|1|B,4U78|1|A+4U78|1|B,4U47|1|A+4U47|1|B,4U3P|1|A+4U3P|1|B"
"NR_3.0_47836.1","6LAX|1|A","6LAX|1|A,6LAZ|1|A,6LAS|1|A,6LAZ|1|B,6LAX|1|B,6LAS|1|B"
"NR_3.0_37848.1","6HTU|1|D+6HTU|1|F","6HTU|1|D+6HTU|1|F,6HU6|1|A+6HU6|1|E"
"NR_3.0_36664.1","6H9H|1|E","6H9H|1|E"
"NR_3.0_33125.1","4NH6|1|B","4NH6|1|B"
"NR_3.0_82818.1","4KRF|1|R","4KRF|1|R"
"NR_3.0_35335.1","5Z4A|1|B","5Z4A|1|B"
"NR_3.0_10014.1","3QGC|1|B","3QGC|1|B,3QG9|1|B"
"NR_3.0_82140.1","1MDG|1|A","1MDG|1|A,1N7A|1|A,1N7A|1|B,1N7A|1|C,1N7A|1|D,1N7A|1|E,1N7A|1|F,1N7A|1|G,1N7A|1|H,1N7B|1|A,1N7B|1|B,1N7B|1|C,1N7B|1|D,1N7B|1|E,1N7B|1|F,1N7B|1|G,1N7B|1|H"
"NR_3.0_42502.1","5HR7|1|D","5HR7|1|D,5HR7|1|C"
"NR_3.0_28348.1","4JXZ|1|B","4JXZ|1|B,4JYZ|1|B"
"NR_3.0_80828.1","4TS2|1|Y+4TS2|1|X","4TS2|1|Y+4TS2|1|X,4TS0|1|Y+4TS0|1|X"
"NR_3.0_26321.2","4QOZ|1|A","4QOZ|1|A,4L8R|1|A,4QOZ|1|D,4L8R|1|D,4HXH|1|A,4HXH|1|D"
"NR_3.0_61174.1","1H2C|1|R","1H2C|1|R,1H2D|1|S,1H2D|1|R"
"NR_3.0_00121.1","5ZQ0|1|B","5ZQ0|1|B"
"NR_3.0_55926.1","4E59|1|A+4E59|1|B","4E59|1|A+4E59|1|B"
"NR_3.0_64047.1","1PVO|1|L","1PVO|1|L,1PVO|1|G,1PVO|1|H,1PVO|1|J,1PVO|1|K"
"NR_3.0_58357.1","1FJG|1|X","1FJG|1|X"
"NR_3.0_53157.1","1CSL|1|B+1CSL|1|A","1CSL|1|B+1CSL|1|A"
"NR_3.0_00536.1","4GHL|1|E","4GHL|1|E,4GHL|1|F"
"NR_3.0_23939.1","4C4W|1|H","4C4W|1|H,4C4W|1|D"
"NR_3.0_24985.1","6TQA|1|G","6TQA|1|G,6TQA|1|E,6TQA|1|F,6TQA|1|H"
"NR_3.0_90832.1","3BOY|1|D","3BOY|1|D,2GZT|1|D"
"NR_3.0_33763.1","3D0M|1|X","3D0M|1|X"
"NR_3.0_29524.1","2J0S|1|E","2J0S|1|E"
"NR_3.0_73746.1","2OE5|1|B+2OE5|1|A","2OE5|1|B+2OE5|1|A"
"NR_3.0_98913.1","1S77|1|R","1S77|1|R"
"NR_3.0_50314.5","6ERI|1|Ax","6ERI|1|Ax"
"NR_3.0_74260.1","5BTM|1|A","5BTM|1|A,5BTM|1|B"
"NR_3.0_06254.1","3P4C|1|A","3P4C|1|A"
"NR_3.0_46777.1","1YFG|1|A","1YFG|1|A"
"NR_3.0_20305.5","6ERI|1|AA","6ERI|1|AA"
"NR_3.0_05530.5","6ERI|1|AB","6ERI|1|AB"
"NR_3.0_16825.1","1F27|1|A","1F27|1|A"
"NR_3.0_37454.1","5XWG|1|A","5XWG|1|A"
"NR_3.0_08107.1","4BOC|1|R","4BOC|1|R"
"NR_3.0_53294.1","1EC6|1|D","1EC6|1|D"
"NR_3.0_29429.1","5T2A|1|B","5T2A|1|B"
"NR_3.0_94226.1","2ZKO|1|C+2ZKO|1|D","2ZKO|1|C+2ZKO|1|D"
"NR_3.0_71760.1","6RA4|1|L+6RA4|1|M","6RA4|1|L+6RA4|1|M"
"NR_3.0_69759.1","6AZ4|1|A","6AZ4|1|A"
"NR_3.0_49071.1","5YKI|1|C","5YKI|1|C"
"NR_3.0_64649.1","2PY9|1|F","2PY9|1|F,2PY9|1|E"
"NR_3.0_14193.1","6V9B|1|B+6V9B|1|D","6V9B|1|B+6V9B|1|D,6V9D|1|B+6V9D|1|E"
"NR_3.0_21529.1","6OZO|1|C+6OZO|1|D","6OZO|1|C+6OZO|1|D"
"NR_3.0_19413.1","2I91|1|F+2I91|1|E","2I91|1|F+2I91|1|E,2I91|1|D+2I91|1|C"
"NR_3.0_71379.1","3RC8|1|E","3RC8|1|E"
"NR_3.0_44600.1","2XS5|1|D","2XS5|1|D,2XS5|1|C"
"NR_3.0_70098.1","5DEA|1|A","5DEA|1|A,5DE5|1|A"
"NR_3.0_70523.1","2R7V|1|X","2R7V|1|X"
"NR_3.0_49464.1","5AY2|1|A+5AY2|1|B","5AY2|1|A+5AY2|1|B,5AY3|1|A+5AY3|1|B,5AY2|1|C+5AY2|1|D,5AY4|1|A+5AY4|1|B"
"NR_3.0_01597.1","1Q2R|1|E","1Q2R|1|E,1Q2R|1|F"
"NR_3.0_09810.1","4JRD|1|B","4JRD|1|B,4JRD|1|A,5VXQ|1|B,5VXQ|1|A"
"NR_3.0_66387.1","3OK4|1|N","3OK4|1|N,3OK4|1|D,3OK4|1|L,3OK4|1|Z,3OK4|1|4,3OK4|1|V,3OK4|1|X,3OK4|1|P,3OK4|1|F,3OK4|1|H,3OK4|1|J,3OK4|1|R,3OK4|1|T,3OK4|1|2,3OK4|1|B,3OK2|1|B,3OK2|1|D,3OK2|1|F,2BJ6|1|E,2BJ6|1|F,2BJ6|1|G,2BJ6|1|H"
"NR_3.0_66740.1","3T5N|1|C","3T5N|1|C,3T5Q|1|H,3T5Q|1|L"
"NR_3.0_79660.1","3T5Q|1|J","3T5Q|1|J"
"NR_3.0_78848.1","3T5Q|1|F","3T5Q|1|F"
"NR_3.0_24394.1","6UFJ|1|C","6UFJ|1|C,6UFJ|1|A,6UEY|1|C,5KTJ|1|A,6UEY|1|A,5KTJ|1|C"
"NR_3.0_18291.1","3T5Q|1|D","3T5Q|1|D"
"NR_3.0_78706.1","1ZCI|1|A+1ZCI|1|B","1ZCI|1|A+1ZCI|1|B,1ZCI|1|C+1ZCI|1|D,2FD0|1|A+2FD0|1|B,2B8S|1|A+2B8S|1|B,2FCZ|1|A+2FCZ|1|B,2FCZ|1|C+2FCZ|1|D,2FCY|1|A+2FCY|1|B,2B8R|1|A+2B8R|1|B,1Y3S|1|A+1Y3S|1|B,2FCX|1|A+2FCX|1|B,1Y3O|1|A+1Y3O|1|B,1YXP|1|A+1YXP|1|B,1XPE|1|A+1XPE|1|B,1XPF|1|A+1XPF|1|B,1XP7|1|A+1XP7|1|B"
"NR_3.0_92104.1","3T5Q|1|C","3T5Q|1|C"
"NR_3.0_49890.1","1NUV|1|E+1NUV|1|F","1NUV|1|E+1NUV|1|F,1NUV|1|C+1NUV|1|D,1NUJ|1|C+1NUJ|1|D,1NUJ|1|E+1NUJ|1|F,429D|1|C+429D|1|D"
"NR_3.0_96254.1","6N6H|1|D","6N6H|1|D"
"NR_3.0_72627.1","1U9S|1|A","1U9S|1|A"
"NR_3.0_21738.1","6SZV|1|R+6SZV|1|M","6SZV|1|R+6SZV|1|M"
"NR_3.0_12183.1","421D|1|B","421D|1|B"
"NR_3.0_34610.1","364D|1|C+364D|1|B+364D|1|A","364D|1|C+364D|1|B+364D|1|A"
"NR_3.0_57733.1","4H8K|1|C","4H8K|1|C"
"NR_3.0_11942.1","6MSF|1|S","6MSF|1|S"
"NR_3.0_31286.1","6MSF|1|R","6MSF|1|R"
"NR_3.0_26998.1","1KXK|1|A","1KXK|1|A"
"NR_3.0_13919.1","3AM1|1|B","3AM1|1|B"
"NR_3.0_37244.1","4R3I|0|B","4R3I|0|B"
"NR_3.0_92635.2","6L5N|1|C","6L5N|1|C,5SUP|1|D,5SUP|1|E,5SUP|1|F"
"NR_3.0_75945.1","2OE8|1|B+2OE8|1|A","2OE8|1|B+2OE8|1|A,2OE6|1|B+2OE6|1|A"
"NR_3.0_35987.1","3B0U|1|B","3B0U|1|B,3B0U|1|A"
"NR_3.0_51514.1","6L5N|1|D","6L5N|1|D"
"NR_3.0_37714.1","4RZD|1|A","4RZD|1|A"
"NR_3.0_66381.1","6H4N|1|I","6H4N|1|I"
"NR_3.0_28499.1","6L1W|1|C","6L1W|1|C"
"NR_3.0_53884.1","3O7V|1|A","3O7V|1|A,3O3I|1|A,3O6E|1|A"
"NR_3.0_22904.1","3R1C|1|K+3R1C|1|L","3R1C|1|K+3R1C|1|L,3R1C|1|I+3R1C|1|J,3R1C|1|W+3R1C|1|X,3R1C|1|c+3R1C|1|d,3R1C|1|e+3R1C|1|f,3R1C|1|C+3R1C|1|D"
"NR_3.0_04400.1","6KWR|1|B","6KWR|1|B"
"NR_3.0_15756.1","4U8T|1|T","4U8T|1|T,4U8T|1|P,4U8T|1|Q,4U8T|1|S,4U8T|1|O,4U8T|1|R"
"NR_3.0_68126.1","2H1M|1|A+2H1M|1|B","2H1M|1|A+2H1M|1|B,420D|1|A+420D|1|B"
"NR_3.0_43251.1","4AY2|1|C","4AY2|1|C"
"NR_3.0_36683.2","6AZ3|1|1+6AZ3|1|7","6AZ3|1|1+6AZ3|1|7,5T2A|1|A+5T2A|1|C,3JCS|1|1+3JCS|1|7"
"NR_3.0_52295.1","2ET8|1|A+2ET8|1|B","2ET8|1|A+2ET8|1|B,1O9M|1|A+1O9M|1|B,2F4U|1|A+2F4U|1|B"
"NR_3.0_43992.1","5AWH|1|C","5AWH|1|C,5AWH|1|E"
"NR_3.0_92435.1","6RW4|1|A","6RW4|1|A"
"NR_3.0_41959.1","3P22|1|A","3P22|1|A,3P22|1|E,3P22|1|C,3P22|1|G"
"NR_3.0_99953.1","1FEU|1|C+1FEU|1|B","1FEU|1|C+1FEU|1|B,1FEU|1|F+1FEU|1|E"
"NR_3.0_47203.1","3F2Q|1|X","3F2Q|1|X,3F2T|1|X"
"NR_3.0_74928.1","5V7C|1|C","5V7C|1|C"
"NR_3.0_69076.1","3G0H|1|E","3G0H|1|E"
"NR_3.0_51824.1","5WTI|1|B","5WTI|1|B"
"NR_3.0_43988.1","5EMF|1|A","5EMF|1|A"
"NR_3.0_16594.1","5G4T|1|A+5G4T|1|B","5G4T|1|A+5G4T|1|B"
"NR_3.0_78430.1","4QVD|1|H","4QVD|1|H"
"NR_3.0_52453.4","3OL9|1|B+3OL9|1|F+3OL9|1|C+3OL9|1|G+3OL9|1|D+3OL9|1|H","3OL9|1|B+3OL9|1|F+3OL9|1|C+3OL9|1|G+3OL9|1|D+3OL9|1|H,3OL9|1|J+3OL9|1|N+3OL9|1|K+3OL9|1|O+3OL9|1|L+3OL9|1|P,3OLB|1|J+3OLB|1|N+3OLB|1|K+3OLB|1|O+3OLB|1|L+3OLB|1|P,3OLB|1|B+3OLB|1|F+3OLB|1|C+3OLB|1|G+3OLB|1|D+3OLB|1|H,3OL6|1|B+3OL6|1|F+3OL6|1|C+3OL6|1|G+3OL6|1|D+3OL6|1|H,3OL6|1|J+3OL6|1|N+3OL6|1|K+3OL6|1|O+3OL6|1|L+3OL6|1|P,3OL8|1|B+3OL8|1|F+3OL8|1|C+3OL8|1|G+3OL8|1|D+3OL8|1|H,3OL7|1|J+3OL7|1|N+3OL7|1|K+3OL7|1|O+3OL7|1|L+3OL7|1|P,3OL7|1|B+3OL7|1|F+3OL7|1|C+3OL7|1|G+3OL7|1|D+3OL7|1|H,3OL8|1|J+3OL8|1|N+3OL8|1|K+3OL8|1|O+3OL8|1|L+3OL8|1|P"
"NR_3.0_65561.1","6GSJ|1|1K","6GSJ|1|1K,6GSJ|1|1L"
"NR_3.0_36794.1","1G2J|1|A","1G2J|1|A"
"NR_3.0_70063.1","4WTM|1|T+4WTM|1|P","4WTM|1|T+4WTM|1|P"
"NR_3.0_60411.1","7MSF|1|R","7MSF|1|R,7MSF|1|S"
"NR_3.0_30582.1","5Z98|1|C","5Z98|1|C"
"NR_3.0_85489.1","5Z98|1|D","5Z98|1|D"
"NR_3.0_82939.1","3ND4|1|A","3ND4|1|A"
"NR_3.0_75310.1","6CU1|1|A","6CU1|1|A"
"NR_3.0_19387.1","5W0O|1|C+5W0O|1|D","5W0O|1|C+5W0O|1|D"
"NR_3.0_39119.1","2G92|1|A+2G92|1|B","2G92|1|A+2G92|1|B"
"NR_3.0_52445.1","5AMR|1|B+5AMR|1|C","5AMR|1|B+5AMR|1|C,5AMQ|1|B+5AMQ|1|c"
"NR_3.0_18914.1","6AAX|1|B","6AAX|1|B,6AAX|1|D"
"NR_3.0_23301.1","3HSB|1|X","3HSB|1|X"
"NR_3.0_88374.1","4C9D|1|D","4C9D|1|D,4C9D|1|C"
"NR_3.0_98374.1","2I82|1|F","2I82|1|F,2I82|1|E,2I82|1|G,2I82|1|H"
"NR_3.0_26582.1","4K27|1|U","4K27|1|U"
"NR_3.0_45159.1","4J50|1|A+4J50|1|B","4J50|1|A+4J50|1|B,3SYW|1|A+3SYW|1|B,4YN6|1|A+4YN6|1|B"
"NR_3.0_74023.3","6S0X|1|a","6S0X|1|a,5NGM|1|Aa"
"NR_3.0_47141.1","4RC0|1|A","4RC0|1|A"
"NR_3.0_82951.1","2O3X|1|A+2O3X|1|B","2O3X|1|A+2O3X|1|B,2F4S|1|A+2F4S|1|B"
"NR_3.0_81724.1","3Q0N|1|D","3Q0N|1|D,3Q0O|1|C,3Q0O|1|D"
"NR_3.0_20115.1","6RFL|1|U","6RFL|1|U"
"NR_3.0_42633.1","3NNA|1|B","3NNA|1|B"
"NR_3.0_36843.2","6SGC|1|23","6SGC|1|23,6SGC|1|33"
"NR_3.0_61644.1","1XMQ|1|X+1XMQ|1|W","1XMQ|1|X+1XMQ|1|W,3T1Y|1|X+3T1Y|1|W"
"NR_3.0_07550.1","5XJ2|1|G","5XJ2|1|G"
"NR_3.0_42221.1","3NCU|1|C+3NCU|1|D","3NCU|1|C+3NCU|1|D"
"NR_3.0_87784.1","1ZX7|1|C+1ZX7|1|E+1ZX7|1|D+1ZX7|1|F","1ZX7|1|C+1ZX7|1|E+1ZX7|1|D+1ZX7|1|F,1ZX7|1|A+1ZX7|1|G+1ZX7|1|B+1ZX7|1|H"
"NR_3.0_81267.1","6ID1|1|H+6ID1|1|F","6ID1|1|H+6ID1|1|F"
"NR_3.0_59799.1","2F8S|1|C+2F8S|1|D","2F8S|1|C+2F8S|1|D"
"NR_3.0_67557.1","6KR6|1|B","6KR6|1|B"
"NR_3.0_02834.1","472D|1|A+472D|1|B","472D|1|A+472D|1|B"
"NR_3.0_23975.1","5O7H|1|A","5O7H|1|A"
"NR_3.0_09770.1","246D|1|A+246D|1|B","246D|1|A+246D|1|B"
"NR_3.0_30925.1","4ZT0|1|D","4ZT0|1|D,4ZT0|1|B"
"NR_3.0_86436.1","2PN3|1|A+2PN3|1|B","2PN3|1|A+2PN3|1|B,2PN4|1|A+2PN4|1|B,2PN4|1|C+2PN4|1|D,2NOK|1|C+2NOK|1|D,2NOK|1|A+2NOK|1|B"
"NR_3.0_53841.1","2E9T|1|B+2E9T|1|C","2E9T|1|B+2E9T|1|C,2E9T|1|E+2E9T|1|F"
"NR_3.0_10920.1","4ZLD|1|B","4ZLD|1|B"
"NR_3.0_74932.1","6B44|1|M","6B44|1|M"
"NR_3.0_97453.1","6OZP|1|c","6OZP|1|c,6OZP|1|d,6OZS|1|c,6OZS|1|d"
"NR_3.0_87059.1","1CVJ|1|Q","1CVJ|1|Q"
"NR_3.0_36481.1","4CSF|1|u","4CSF|1|u,4CSF|1|q,4CSF|1|g,4CSF|1|m,4CSF|1|k,4CSF|1|a,4CSF|1|i,4CSF|1|s,4CSF|1|c,4CSF|1|w,4CSF|1|o,4CSF|1|e"
"NR_3.0_78670.1","1CVJ|1|N","1CVJ|1|N,1CVJ|1|O,1CVJ|1|S,1CVJ|1|P,1CVJ|1|T,1CVJ|1|R"
"NR_3.0_45659.1","4ZNP|1|A","4ZNP|1|A,4ZNP|1|B"
"NR_3.0_97043.1","6JVX|1|B","6JVX|1|B"
"NR_3.0_29085.1","1N78|1|C","1N78|1|C,1N78|1|D,2DXI|1|C,1N77|1|C,2DXI|1|D,2CV2|1|C,1N77|1|D,2CV2|1|D,2CV1|1|D,2CV1|1|C,2CV0|1|C,2CV0|1|D,1G59|1|B,1G59|1|D"
"NR_3.0_91691.1","6TMF|1|A","6TMF|1|A"
"NR_3.0_55153.1","3FS0|1|B+3FS0|1|A","3FS0|1|B+3FS0|1|A"
"NR_3.0_96274.1","6T4Q|1|7","6T4Q|1|7"
"NR_3.0_31791.1","2FZ2|1|D","2FZ2|1|D"
"NR_3.0_25361.2","4E48|1|A+4E48|1|B","4E48|1|A+4E48|1|B,4JNX|1|B+4JNX|1|G,4E48|1|D"
"NR_3.0_05919.1","6D9L|1|C","6D9L|1|C,6D9L|1|H"
"NR_3.0_98075.1","2ZZM|1|B","2ZZM|1|B"
"NR_3.0_80904.1","3FHT|1|C","3FHT|1|C"
"NR_3.0_26975.1","5JS1|1|B","5JS1|1|B"
"NR_3.0_15144.1","3FHT|1|D","3FHT|1|D"
"NR_3.0_42241.1","2GDI|1|X","2GDI|1|X,2GDI|1|Y,4NYA|1|A,2HOJ|1|A,2HOM|1|A,2HOL|1|A,4NYD|1|A,4NYA|1|B,2HOO|1|A"
"NR_3.0_07779.1","1NUV|1|A+1NUV|1|B","1NUV|1|A+1NUV|1|B,1NUV|1|G+1NUV|1|H,429D|1|A+429D|1|B,1NUJ|1|A+1NUJ|1|B,1NUJ|1|G+1NUJ|1|H"
"NR_3.0_44326.1","1YZ9|1|C+1YZ9|1|D+1YZ9|1|E+1YZ9|1|F","1YZ9|1|C+1YZ9|1|D+1YZ9|1|E+1YZ9|1|F"
"NR_3.0_35054.4","4FAR|1|A","4FAR|1|A,4E8N|1|A,4FAU|1|A,4E8Q|1|A,4Y1O|1|A,4Y1O|1|B,4FAW|1|A,3G78|1|A,4Y1N|1|B,4Y1N|1|A"
"NR_3.0_56046.1","1SI3|1|B","1SI3|1|B"
"NR_3.0_16274.1","4OAV|1|C","4OAV|1|C"
"NR_3.0_82809.4","2YGH|1|A","2YGH|1|A,3GX5|1|A,3GX3|1|A,3IQR|1|A,3IQP|1|A,3GX7|1|A,3IQN|1|A,2GIS|1|A,2YDH|1|A,3GX2|1|A,3GX6|1|A"
"NR_3.0_24132.2","4NIA|1|c","4NIA|1|c,4NIA|1|W,4NIA|1|a,4NIA|1|S+4NIA|1|h,4NIA|1|Y+4NIA|1|n,4NIA|1|R+4NIA|1|g,4NIA|1|d,4NIA|1|b,4NIA|1|T+4NIA|1|i,4NIA|1|V,4NIA|1|U,4NIA|1|P+4NIA|1|e,4NIA|1|Q,4NIA|1|X+4NIA|1|m,4NIA|1|Z,1A34|1|B+1A34|1|C,4OQ9|1|U,4OQ9|1|T+4OQ9|1|i,4OQ9|1|R+4OQ9|1|g,4OQ9|1|c,4OQ9|1|Q,4OQ9|1|S+4OQ9|1|h,4OQ9|1|W,4OQ9|1|Y+4OQ9|1|n,4OQ9|1|a,4OQ9|1|d,4OQ9|1|V,4OQ9|1|P+4OQ9|1|e,4OQ9|1|X+4OQ9|1|m,4OQ9|1|Z,4OQ9|1|b,4OQ8|1|B+4OQ8|1|C"
"NR_3.0_51748.1","3I62|1|B","3I62|1|B,3I61|1|B,3I5X|1|B,3I5Y|1|B"
"NR_3.0_88847.1","4F3T|1|R","4F3T|1|R"
"NR_3.0_30288.1","4IG8|1|B+4IG8|1|C","4IG8|1|B+4IG8|1|C"
"NR_3.0_91365.1","4C8Z|1|C","4C8Z|1|C"
"NR_3.0_38966.1","6KC8|1|B","6KC8|1|B,6JE3|1|B,6JDQ|1|B"
"NR_3.0_31949.1","1UVN|1|F","1UVN|1|F,1UVN|1|B,1UVN|1|D"
"NR_3.0_84537.1","2AWE|1|D","2AWE|1|D,2AWE|1|G,2AWE|1|E,2AWE|1|A,2AWE|1|B,2AWE|1|C,2AWE|1|F,2AWE|1|H"
"NR_3.0_83891.15","6S0Z|1|B","6S0Z|1|B,6S0X|1|B,6HMA|1|B,5NGM|1|AB"
"NR_3.0_59870.1","3S49|1|E+3S49|1|F","3S49|1|E+3S49|1|F,3S49|1|C+3S49|1|D,3S49|1|A+3S49|1|B,3S49|1|G"
"NR_3.0_30317.1","4RWN|1|B+4RWN|1|C","4RWN|1|B+4RWN|1|C,4S3N|1|B+4S3N|1|C,4RWP|1|B+4RWP|1|C,4RWO|1|B+4RWO|1|C"
"NR_3.0_15094.1","6IA2|1|A+6IA2|1|B","6IA2|1|A+6IA2|1|B"
"NR_3.0_57955.2","1Q96|1|A","1Q96|1|A,1Q96|1|B,1Q96|1|C,1Q93|1|C,1Q93|1|A,1Q93|1|B,430D|1|A"
"NR_3.0_70719.1","6N2V|1|A","6N2V|1|A,6N2V|1|B"
"NR_3.0_10469.1","1P79|1|A","1P79|1|A"
"NR_3.0_61884.1","4WTK|1|T+4WTK|1|P","4WTK|1|T+4WTK|1|P"
"NR_3.0_01073.1","5NWQ|1|A","5NWQ|1|A,5NY8|1|A,5NZD|1|A,5NZD|1|B,5NWQ|1|B,5O62|1|A,5NZ3|1|A,5O69|1|A,5NY8|1|B,5NZ6|1|A,5NZ3|1|B,5O62|1|B,5O69|1|B"
"NR_3.0_63152.1","1VQN|1|4","1VQN|1|4"
"NR_3.0_49228.1","4OAV|1|A","4OAV|1|A"
"NR_3.0_82332.1","6UV3|1|B","6UV3|1|B"
"NR_3.0_87746.1","4IQS|1|E","4IQS|1|E,4IQS|1|C+4IQS|1|D,4IQS|1|A+4IQS|1|B,4IQS|1|F"
"NR_3.0_58017.1","4JNG|1|L","4JNG|1|L"
"NR_3.0_02622.1","4GHA|1|I+4GHA|1|J","4GHA|1|I+4GHA|1|J,4LG2|1|E+4LG2|1|F,4LG2|1|I+4LG2|1|J"
"NR_3.0_01779.1","4FRG|1|B","4FRG|1|B,4FRG|1|X"
"NR_3.0_80276.2","6E1S|1|A","6E1S|1|A,6E1T|1|A,6E1W|1|A,6E1U|1|A,6VUH|1|A,6VUI|1|A,6E1V|1|A,3Q50|1|A,3Q51|1|A,3GCA|1|A"
"NR_3.0_57348.1","1GAX|1|D","1GAX|1|D,1GAX|1|C,1IVS|1|C,1IVS|1|D"
"NR_3.0_12137.1","4I67|1|B","4I67|1|B"
"NR_3.0_29370.1","5WWW|1|B","5WWW|1|B"
"NR_3.0_27306.1","4JF2|1|A","4JF2|1|A"
"NR_3.0_24974.1","1DUQ|1|B+1DUQ|1|A","1DUQ|1|B+1DUQ|1|A,1DUQ|1|D+1DUQ|1|C,1DUQ|1|F+1DUQ|1|E,1DUQ|1|H+1DUQ|1|G"
"NR_3.0_95874.1","3R9X|1|C","3R9X|1|C"
"NR_3.0_39003.1","1MHK|1|L+1MHK|1|S","1MHK|1|L+1MHK|1|S"
"NR_3.0_99000.1","6OZR|1|C+6OZR|1|D","6OZR|1|C+6OZR|1|D,6OZJ|1|C+6OZJ|1|D,6OZQ|1|C+6OZQ|1|D,6OZN|1|C+6OZN|1|D,6OZM|1|C+6OZM|1|D,6OZL|1|D+6OZL|1|C,6OZK|1|C+6OZK|1|D"
"NR_3.0_56235.1","4O41|1|C+4O41|1|D","4O41|1|C+4O41|1|D,4O41|1|B+4O41|1|A"
"NR_3.0_23362.1","5EBI|1|F","5EBI|1|F,5EBI|1|A,5EBI|1|H,5EBI|1|B,5EBI|1|D,5EBI|1|C,5EBI|1|E,5EBI|1|G"
"NR_3.0_24223.1","6F3H|1|C","6F3H|1|C"
"NR_3.0_49451.1","3G9Y|1|C","3G9Y|1|C"
"NR_3.0_70895.1","5FJ4|1|H","5FJ4|1|H,5FJ4|1|D"
"NR_3.0_96354.4","6ERI|1|BA","6ERI|1|BA"
"NR_3.0_35088.1","3LOA|1|B+3LOA|1|A","3LOA|1|B+3LOA|1|A"
"NR_3.0_76909.1","3RW6|1|H","3RW6|1|H,3RW6|1|F"
"NR_3.0_33394.4","5B2T|1|A","5B2T|1|A,5B2R|1|A,5B2S|1|A,4OO8|1|B,4OO8|1|E,6AI6|1|B"
"NR_3.0_83415.1","4WTC|1|T+4WTC|1|P","4WTC|1|T+4WTC|1|P"
"NR_3.0_52610.1","4PCJ|1|A","4PCJ|1|A,4FNJ|1|A"
"NR_3.0_89230.1","5F5H|1|C","5F5H|1|C"
"NR_3.0_58991.1","5F5H|1|D","5F5H|1|D"
"NR_3.0_83775.1","3TZR|1|A+3TZR|1|B","3TZR|1|A+3TZR|1|B"
"NR_3.0_58168.1","6AR5|1|B","6AR5|1|B"
"NR_3.0_38950.2","2XDB|1|G","2XDB|1|G,2XD0|1|H,2XD0|1|I,2XD0|1|V,2XD0|1|G,2XD0|1|U"
"NR_3.0_36129.1","2VAL|1|A+2VAL|1|C","2VAL|1|A+2VAL|1|C,2VAL|1|B+2VAL|1|D"
"NR_3.0_04298.1","6PMO|1|B","6PMO|1|B"
"NR_3.0_68144.1","6PMO|1|A","6PMO|1|A"
"NR_3.0_94113.1","1EC6|1|C","1EC6|1|C"
"NR_3.0_12111.2","6D8A|1|C","6D8A|1|C,6D92|1|C,6D92|1|H,6D8P|1|E,6D8P|1|C,6D8A|1|H,6D9K|1|H,6D9K|1|C,6D95|1|B,6D95|1|H,6D8F|1|C,6D8F|1|H"
"NR_3.0_43560.1","3Q0L|1|D","3Q0L|1|D"
"NR_3.0_83181.1","2DLC|1|Y","2DLC|1|Y"
"NR_3.0_10913.1","3Q0L|1|C","3Q0L|1|C"
"NR_3.0_40657.1","1G1X|1|J+1G1X|1|I","1G1X|1|J+1G1X|1|I"
"NR_3.0_65010.1","2V7R|1|A+2V7R|1|B","2V7R|1|A+2V7R|1|B"
"NR_3.0_57770.1","1N35|1|C+1N35|1|B","1N35|1|C+1N35|1|B"
"NR_3.0_61479.1","5IBB|1|1L","5IBB|1|1L"
"NR_3.0_76204.1","3K5Q|1|B","3K5Q|1|B"
"NR_3.0_91231.1","3VYX|1|B+3VYX|1|C","3VYX|1|B+3VYX|1|C,4BPB|1|C+4BPB|1|D,2YKG|1|C+2YKG|1|D,3VYY|1|C+3VYY|1|D,3ZD7|1|C+3ZD7|1|D,3ZD6|1|C+3ZD6|1|D,3VYY|1|E+3VYY|1|F,3VYY|1|G"
"NR_3.0_65284.1","2ZUE|1|B","2ZUE|1|B,2ZUF|1|B"
"NR_3.0_54128.1","3Q0R|1|B","3Q0R|1|B,3Q0M|1|C,3Q0M|1|D"
"NR_3.0_14977.1","4B3G|1|H","4B3G|1|H"
"NR_3.0_08596.1","4B3G|1|G","4B3G|1|G"
"NR_3.0_65401.1","3IEV|1|D","3IEV|1|D"
"NR_3.0_12093.1","1TFW|1|G+1TFW|1|J","1TFW|1|G+1TFW|1|J"
"NR_3.0_96683.4","5Z4J|1|B","5Z4J|1|B,5GMF|1|E,5GMF|1|H,5GMF|1|F,5GMF|1|G,5GMG|1|D,5GMG|1|C,6E4P|1|J,6E4P|1|K,3IE1|1|E,3IE1|1|H,3IE1|1|F,3IE1|1|G,2ZDE|1|E,2ZDE|1|F,2ZDE|1|H,2ZDE|1|G,1NB7|1|E,1NB7|1|F"
"NR_3.0_81475.1","1SDR|1|A+1SDR|1|B","1SDR|1|A+1SDR|1|B,1SDR|1|C+1SDR|1|D"
"NR_3.0_81175.1","1M8Y|1|D","1M8Y|1|D,1M8Y|1|C"
"NR_3.0_55642.1","4KQ0|1|B+4KQ0|1|E","4KQ0|1|B+4KQ0|1|E"
"NR_3.0_65678.1","1YVP|1|C+1YVP|1|D","1YVP|1|C+1YVP|1|D,1YVP|1|E+1YVP|1|F"
"NR_3.0_65232.1","4HOS|1|X","4HOS|1|X"
"NR_3.0_41539.1","2XZL|1|B","2XZL|1|B"
"NR_3.0_35293.2","3P6Y|1|S","3P6Y|1|S,3P6Y|1|R,3P6Y|1|T,3P6Y|1|V,3P6Y|1|U,3P6Y|1|Q,3P6Y|1|W"
"NR_3.0_70081.1","3IBK|1|B","3IBK|1|B"
"NR_3.0_28334.1","1KNZ|1|W","1KNZ|1|W,1KNZ|1|X,1KNZ|1|Z,1KNZ|1|Y"
"NR_3.0_38685.1","5DTO|1|B","5DTO|1|B"
"NR_3.0_86202.1","5M0I|1|F","5M0I|1|F"
"NR_3.0_90603.1","5M0I|1|E","5M0I|1|E"
"NR_3.0_81682.1","6PPV|1|H","6PPV|1|H"
"NR_3.0_41745.1","6DOY|1|B","6DOY|1|B"
"NR_3.0_00179.1","5EIM|1|C","5EIM|1|C,5EIM|1|D"
"NR_3.0_73487.1","2QK9|1|B","2QK9|1|B"
"NR_3.0_80987.1","2NUE|1|C","2NUE|1|C"
"NR_3.0_36634.1","2QUW|1|B","2QUW|1|B,2QUW|1|D"
"NR_3.0_63265.1","3LA5|1|A","3LA5|1|A"
"NR_3.0_81635.1","1UVJ|1|F","1UVJ|1|F,1UVJ|1|D,1UVJ|1|E"
"NR_3.0_43595.1","5WWE|1|B","5WWE|1|B"
"NR_3.0_84026.1","5DHB|1|A+5DHB|1|B","5DHB|1|A+5DHB|1|B,5DHB|1|C+5DHB|1|D,5HBW|1|A+5HBW|1|B"
"NR_3.0_45851.1","1YTU|1|E+1YTU|1|F","1YTU|1|E+1YTU|1|F,1YTU|1|C+1YTU|1|D"
"NR_3.0_25467.1","5T5H|1|A+5T5H|1|C","5T5H|1|A+5T5H|1|C"
"NR_3.0_08327.1","435D|1|C+435D|1|D","435D|1|C+435D|1|D,435D|1|A+435D|1|B"
"NR_3.0_46216.1","3CGS|1|B+3CGS|1|A","3CGS|1|B+3CGS|1|A"
"NR_3.0_66843.1","5AMQ|1|C","5AMQ|1|C"
"NR_3.0_05648.1","6HAU|1|D","6HAU|1|D"
"NR_3.0_96269.7","6QZP|1|S6","6QZP|1|S6,6EK0|1|S6"
"NR_3.0_52747.1","4KR6|1|C","4KR6|1|C"
"NR_3.0_29415.1","6BSG|1|R","6BSG|1|R,6BSH|1|R,6BSJ|1|R"
"NR_3.0_57060.1","1DQH|1|B+1DQH|1|A","1DQH|1|B+1DQH|1|A"
"NR_3.0_62764.1","5EV1|1|B","5EV1|1|B"
"NR_3.0_29423.1","4V4F|1|B6","4V4F|1|B6,4V4F|1|A5,4V4F|1|A3,4V4F|1|B0,4V4F|1|B9,4V4F|1|A2,4V4F|1|A8,4V4F|1|A1,4V4F|1|A9,4V4F|1|BZ,4V4F|1|B8,4V4F|1|B7,4V4F|1|B5,4V4F|1|A0,4V4F|1|A7,4V4F|1|A4,4V4F|1|AZ,4V4F|1|B3,4V4F|1|B1,4V4F|1|B4,4V4F|1|A6,4V4F|1|B2"
"NR_3.0_22747.1","2OZB|1|C","2OZB|1|C,2OZB|1|F"
"NR_3.0_35816.1","3KMQ|1|B+3KMQ|1|C","3KMQ|1|B+3KMQ|1|C"
"NR_3.0_91539.1","5T83|1|A","5T83|1|A"
"NR_3.0_40570.1","6CK5|1|A","6CK5|1|A,6CK5|1|B"
"NR_3.0_01949.2","5UED|1|A+5UED|1|B","5UED|1|A+5UED|1|B,6C8J|1|A+6C8J|1|B,6C8D|1|A+6C8D|1|B,6C8I|1|A+6C8I|1|B,5UEE|1|A+5UEE|1|B,6C8L|1|A+6C8L|1|B,6C8E|1|A+6C8E|1|B,5UEF|1|A+5UEF|1|B,6C8K|1|A+6C8K|1|B,6CAB|1|A+6CAB|1|B,6OWL|1|A,5UEG|1|A+5UEG|1|B,5UEG|1|C+5UEG|1|D"
"NR_3.0_70863.1","6SVS|1|A","6SVS|1|A,6SVS|1|B"
"NR_3.0_84195.1","5ZSB|1|C","5ZSB|1|C,5ZSB|1|D,5ZSN|1|D,5ZSN|1|E"
"NR_3.0_74556.1","5BZV|1|B","5BZV|1|B,5BYM|1|C"
"NR_3.0_93427.1","5UD5|1|C","5UD5|1|C,5UD5|1|D,5V6X|1|C,5V6X|1|D"
"NR_3.0_00896.1","2BX2|1|R","2BX2|1|R"
"NR_3.0_28980.1","3P4C|1|B","3P4C|1|B,3P4B|1|A,3P4B|1|C,3P4B|1|D,3P4B|1|B,3P4B|1|F,3P4B|1|E"
"NR_3.0_00747.1","4H5P|1|F","4H5P|1|F,4H5P|1|E"
"NR_3.0_52626.1","3K64|1|B","3K64|1|B"
"NR_3.0_08416.1","1QBP|1|A+1QBP|1|B","1QBP|1|A+1QBP|1|B,1QBP|1|C+1QBP|1|D,1QBP|1|E+1QBP|1|F"
"NR_3.0_13395.1","3MDG|1|C","3MDG|1|C"
"NR_3.0_29253.1","6BGB|1|A+6BGB|1|B","6BGB|1|A+6BGB|1|B,6BGB|1|C"
"NR_3.0_36180.1","6SZV|1|V","6SZV|1|V"
"NR_3.0_65762.1","4Q5S|1|I","4Q5S|1|I"
"NR_3.0_57834.1","6ID0|1|F+6ID0|1|H","6ID0|1|F+6ID0|1|H"
"NR_3.0_27661.1","3BX2|1|D","3BX2|1|D,3BX2|1|C"
"NR_3.0_49782.1","1I6U|1|C","1I6U|1|C,1I6U|1|D"
"NR_3.0_95559.1","1R9F|1|C","1R9F|1|C,6BJG|1|C,6BJH|1|C,6BJV|1|C"
"NR_3.0_58761.1","2CSX|1|C","2CSX|1|C,2CT8|1|D,2CT8|1|C,2CSX|1|D"
"NR_3.0_99773.1","1R9F|1|B","1R9F|1|B,6BJG|1|D,6BJH|1|D,6BJV|1|D"
"NR_3.0_31091.1","4K50|1|B","4K50|1|B,4K50|1|J,4K50|1|N,4K50|1|F"
"NR_3.0_73988.1","5L2L|1|D","5L2L|1|D,5L2L|1|C,5L2L|1|H,5L2L|1|G"
"NR_3.0_89968.1","6DVK|1|H","6DVK|1|H"
"NR_3.0_95363.3","3K1V|1|A","3K1V|1|A,3FU2|1|C,3FU2|1|B,3FU2|1|A,3FU4|1|A"
"NR_3.0_54592.1","464D|1|A+464D|1|B","464D|1|A+464D|1|B,464D|1|C+464D|1|D,466D|1|C+466D|1|D,466D|1|A+466D|1|B,4U37|1|A+4U37|1|B,4U38|1|A+4U38|1|B,4U38|1|C+4U38|1|D,4U38|1|E+4U38|1|F,4U38|1|G+4U38|1|H,434D|1|C+434D|1|D,434D|1|A+434D|1|B"
"NR_3.0_38877.1","1KFO|1|A","1KFO|1|A"
"NR_3.0_46386.1","2R7T|1|X","2R7T|1|X"
"NR_3.0_16232.2","5L00|1|A+5L00|1|B","5L00|1|A+5L00|1|B,5L00|1|C+5L00|1|D,5KRG|1|C+5KRG|1|D,5KRG|1|A+5KRG|1|B,6U6J|1|A+6U6J|1|B,6C8O|1|A+6C8O|1|B,5V0H|1|A+5V0H|1|B,6C8N|1|A+6C8N|1|B,6C8M|1|A+6C8M|1|B"
"NR_3.0_73255.1","485D|1|A+485D|1|B","485D|1|A+485D|1|B,6IBQ|1|A+6IBQ|1|B"
"NR_3.0_84036.1","3QGB|1|B","3QGB|1|B,3K5Y|1|B"
"NR_3.0_73703.1","6R5Q|1|2","6R5Q|1|2"
"NR_3.0_09706.1","2VPL|1|B","2VPL|1|B,2VPL|1|D"
"NR_3.0_04288.3","6N6E|1|D","6N6E|1|D,4G7O|1|I,4G7O|1|S"
"NR_3.0_02963.1","5DEA|1|C","5DEA|1|C,5DE5|1|C"
"NR_3.0_47933.1","4NGD|1|B","4NGD|1|B,4NGB|1|B"
"NR_3.0_06457.1","422D|1|A+422D|1|B","422D|1|A+422D|1|B"
"NR_3.0_22464.1","1R3E|1|C","1R3E|1|C"
"NR_3.0_18889.3","5C45|1|X+5C45|1|Y","5C45|1|X+5C45|1|Y,5KX9|1|X+5KX9|1|Y,2YIE|1|X+2YIE|1|Z"
"NR_3.0_51826.1","1RNA|1|A+1RNA|1|B","1RNA|1|A+1RNA|1|B"
"NR_3.0_13125.1","1G1X|1|D+1G1X|1|E","1G1X|1|D+1G1X|1|E"
"NR_3.0_88154.1","4RUM|1|A","4RUM|1|A"
"NR_3.0_23187.1","3AGV|1|S","3AGV|1|S,3AGV|1|U"
"NR_3.0_70244.1","6RID|1|P","6RID|1|P"
"NR_3.0_68171.1","3R1C|1|E+3R1C|1|F","3R1C|1|E+3R1C|1|F,3R1C|1|i+3R1C|1|j,3R1C|1|g+3R1C|1|h"
"NR_3.0_35023.1","6SAG|1|R","6SAG|1|R"
"NR_3.0_35969.1","4NGC|1|B","4NGC|1|B"
"NR_3.0_17764.1","4M7A|1|P","4M7A|1|P,4M7A|1|O"
"NR_3.0_15037.1","3PF4|1|R","3PF4|1|R"
"NR_3.0_37135.1","5ZSC|1|D","5ZSC|1|D,5ZSC|1|C"
"NR_3.0_30489.1","5LQO|1|A+5LQO|1|B","5LQO|1|A+5LQO|1|B"
"NR_3.0_59690.1","1F7U|1|B","1F7U|1|B,1F7V|1|B"
"NR_3.0_72322.1","2Y9H|1|F","2Y9H|1|F,2Y9H|1|B"
"NR_3.0_46586.1","2Y9H|1|J","2Y9H|1|J,2Y9H|1|L"
"NR_3.0_15533.1","2Y9H|1|N","2Y9H|1|N,2Y9H|1|P"
"NR_3.0_24738.1","2Y9H|1|H","2Y9H|1|H,2Y9H|1|D"
"NR_3.0_31561.1","4P3T|1|A+4P3T|1|B","4P3T|1|A+4P3T|1|B"
"NR_3.0_93869.1","6WOY|1|I","6WOY|1|I"
"NR_3.0_92759.1","1FIX|1|A","1FIX|1|A"
"NR_3.0_33835.1","2JLT|1|A","2JLT|1|A"
"NR_3.0_11458.2","4O26|1|E","4O26|1|E,4O26|1|F"
"NR_3.0_19855.1","6FQR|1|C","6FQR|1|C"
"NR_3.0_50890.1","3JXQ|1|L+3JXQ|1|K","3JXQ|1|L+3JXQ|1|K,3JXQ|1|B+3JXQ|1|A,3JXR|1|A+3JXR|1|B,3JXR|1|K"
"NR_3.0_09952.1","1B7F|1|Q","1B7F|1|Q"
"NR_3.0_28532.1","2ATW|1|B","2ATW|1|B,2ATW|1|D"
"NR_3.0_61964.1","1B7F|1|P","1B7F|1|P"
"NR_3.0_42222.1","5K7D|1|A","5K7D|1|A,5K7C|1|A"
"NR_3.0_73216.3","4V8B|1|AB","4V8B|1|AB,4V8B|1|CB"
"NR_3.0_04935.1","3AKZ|1|E","3AKZ|1|E,3AKZ|1|F,3AKZ|1|H,3AKZ|1|G,4YVJ|1|C,4YVK|1|C"
"NR_3.0_63343.1","5DNO|1|B","5DNO|1|B"
"NR_3.0_96295.1","3M7N|1|X","3M7N|1|X,3M7N|1|Z,3M7N|1|Y,3M85|1|X,3M85|1|Z,3M85|1|Y"
"NR_3.0_19209.1","5JAJ|1|X+5JAJ|1|Y","5JAJ|1|X+5JAJ|1|Y,5JB2|1|X+5JB2|1|Y"
"NR_3.0_68446.1","4U6K|1|A","4U6K|1|A,4U6K|1|C,4U6M|1|A,4U6L|1|A,479D|1|B,2DQP|1|B,2DQO|1|B,2DQQ|1|B"
"NR_3.0_50424.1","5U30|1|B","5U30|1|B,5U31|1|B"
"NR_3.0_84424.1","1GTN|1|W","1GTN|1|W"
"NR_3.0_26264.1","1JID|1|B","1JID|1|B"
"NR_3.0_18162.1","1KQ2|1|R","1KQ2|1|R"
"NR_3.0_32973.1","5YTS|1|B","5YTS|1|B"
"NR_3.0_30667.1","1XOK|1|A","1XOK|1|A"
"NR_3.0_54314.1","5XPG|1|G","5XPG|1|G,5XOW|1|G"
"NR_3.0_55371.1","3AVW|1|T+3AVW|1|G","3AVW|1|T+3AVW|1|G"
"NR_3.0_16130.1","1UTD|1|0","1UTD|1|0,1UTD|1|6,1UTD|1|Z,1UTD|1|4,1UTD|1|7,1UTD|1|9,1UTD|1|5,1UTD|1|3,1UTD|1|2,1UTD|1|8"
"NR_3.0_03986.1","1KD5|1|A+1KD5|1|B","1KD5|1|A+1KD5|1|B,1KD3|1|A+1KD3|1|B"
"NR_3.0_96260.1","1UTD|1|1","1UTD|1|1"
"NR_3.0_51124.1","6DU4|1|B","6DU4|1|B"
"NR_3.0_58299.1","2GRB|1|F","2GRB|1|F,2GRB|1|A,2GRB|1|C,2GRB|1|B,2GRB|1|E,2GRB|1|H,2GRB|1|G,2GRB|1|D"
"NR_3.0_32185.1","3OXE|1|A","3OXE|1|A,3OXB|1|A,3OXB|1|B,3OXE|1|B,3OXD|1|A,3OXD|1|B,3OXM|1|A,3OXM|1|B,3OWI|1|A,3OWZ|1|A,3OWI|1|B,3OWW|1|A,3OWW|1|B,3OWZ|1|B"
"NR_3.0_23233.1","2Q66|1|X","2Q66|1|X"
"NR_3.0_56099.1","6F4H|1|B","6F4H|1|B,6F4H|1|F"
"NR_3.0_89612.8","6N6I|1|C","6N6I|1|C,6N6I|1|D,6N6A|1|D,6IJ2|1|F,6IJ2|1|G,6IJ2|1|H,6IJ2|1|E,3U2E|1|D,3U2E|1|C,5UEF|1|C,5UEF|1|D,4X4U|1|H,4AFY|1|D,6OWL|1|B,6OWL|1|C,4AFY|1|C,4LQ3|1|R,6S0M|1|C"
"NR_3.0_13447.1","6H0R|1|A","6H0R|1|A,6H0R|1|B"
"NR_3.0_72030.1","1ZH5|1|C+1ZH5|1|D","1ZH5|1|C+1ZH5|1|D,1YTY|1|C+1YTY|1|D"
"NR_3.0_94866.1","6N5P|1|A","6N5P|1|A,6N5Q|1|A,6N5T|1|A,6N5N|1|A,6N5S|1|A,6N5O|1|A,6N5L|1|A"
"NR_3.0_46564.1","4ATO|1|G","4ATO|1|G"
"NR_3.0_14653.1","1DQF|1|B+1DQF|1|A","1DQF|1|B+1DQF|1|A"
"NR_3.0_55907.2","1HMH|1|E","1HMH|1|E,1HMH|1|C"
"NR_3.0_82681.1","1HMH|1|A","1HMH|1|A"
"NR_3.0_46720.2","5DDP|1|A","5DDP|1|A,5DDP|1|B,5DDR|1|B,5DDR|1|A"
"NR_3.0_75326.1","1M5K|1|B","1M5K|1|B,1M5K|1|E,1M5O|1|B,1M5P|1|B,1M5O|1|E,1M5V|1|B,1M5P|1|E,1M5V|1|E"
"NR_3.0_12719.1","4IFD|1|R","4IFD|1|R"
"NR_3.0_98171.1","1ICG|1|A+1ICG|1|B","1ICG|1|A+1ICG|1|B,1ID9|1|A+1ID9|1|B"
"NR_3.0_98524.1","6GX6|1|B","6GX6|1|B"
"NR_3.0_16115.1","2R7X|1|X","2R7X|1|X,2R7X|1|Y,2R7R|1|X,2R7W|1|X"
"NR_3.0_09443.2","4K4S|1|B+4K4S|1|F+4K4S|1|C+4K4S|1|G+4K4S|1|D+4K4S|1|H","4K4S|1|B+4K4S|1|F+4K4S|1|C+4K4S|1|G+4K4S|1|D+4K4S|1|H,4K4T|1|F+4K4T|1|G+4K4T|1|H,4K4T|1|B+4K4T|1|C+4K4T|1|D"
"NR_3.0_92727.1","3K49|1|F","3K49|1|F,3K49|1|D,3K49|1|B"
"NR_3.0_01981.1","3T3O|1|B","3T3O|1|B"
"NR_3.0_05128.1","4FVU|1|B+4FVU|1|C","4FVU|1|B+4FVU|1|C"
"NR_3.0_08831.2","3NDB|1|M","3NDB|1|M,4XCO|1|M,4XCO|1|E,1Z43|1|A,2V3C|1|N,2V3C|1|M,1LNG|1|B"
"NR_3.0_64844.1","3H5X|1|T+3H5X|1|P","3H5X|1|T+3H5X|1|P,3BSO|1|T+3BSO|1|P,3H5Y|1|T+3H5Y|1|P,3BSN|1|T+3BSN|1|P"
"NR_3.0_93859.1","4J39|1|B","4J39|1|B,4J5V|1|B"
"NR_3.0_14980.1","3K61|1|B","3K61|1|B"
"NR_3.0_73445.1","4LX6|1|A","4LX6|1|A,4LX5|1|A"
"NR_3.0_42883.1","5WZI|1|B","5WZI|1|B"
"NR_3.0_46231.1","3NMU|1|E+3NMU|1|K","3NMU|1|E+3NMU|1|K,3NMU|1|D+3NMU|1|I"
"NR_3.0_97666.1","3Q0Q|1|B","3Q0Q|1|B"
"NR_3.0_23650.1","2A0P|1|A+2A0P|1|B","2A0P|1|A+2A0P|1|B,259D|1|A+259D|1|B,1RXB|1|A+1RXB|1|B,1RXA|1|A"
"NR_3.0_00338.1","6SY4|1|C","6SY4|1|C"
"NR_3.0_43622.1","1E7K|1|C","1E7K|1|C,1E7K|1|D"
"NR_3.0_68428.1","1D4R|1|B+1D4R|1|A","1D4R|1|B+1D4R|1|A,1D4R|1|C"
"NR_3.0_48702.2","6GC5|1|E","6GC5|1|E,6GC5|1|F,6GC5|1|H"
"NR_3.0_50067.1","3NNC|1|B","3NNC|1|B"
"NR_3.0_82184.1","6GC5|1|G","6GC5|1|G"
"NR_3.0_31074.2","4RKV|1|A","4RKV|1|A,4RNE|1|B,4RJ1|1|A,4RNE|1|C,4RNE|1|E,4RNE|1|D,4RNE|1|A,4RNE|1|G,4RNE|1|F,4RNE|1|H,1J8G|1|A,1J8G|1|C,1J8G|1|D"
"NR_3.0_41566.1","4RKV|1|B","4RKV|1|B,1J8G|1|B"
"NR_3.0_42653.1","5T16|1|H","5T16|1|H,5T16|1|P,5T16|1|O,5T16|1|G"
"NR_3.0_92778.1","1N1H|1|B","1N1H|1|B"
"NR_3.0_08138.1","5F0Q|1|C","5F0Q|1|C,5F0Q|1|E,5F0S|1|C,5F0S|1|E"
"NR_3.0_24846.1","6TY9|1|T+6TY9|1|N","6TY9|1|T+6TY9|1|N"
"NR_3.0_15462.1","4NGG|1|B","4NGG|1|B"
"NR_3.0_69766.1","4MCF|1|B+4MCF|1|D+4MCF|1|C+4MCF|1|A","4MCF|1|B+4MCF|1|D+4MCF|1|C+4MCF|1|A,4MCE|1|B+4MCE|1|A,4MCF|1|H+4MCF|1|G,4MCF|1|F+4MCF|1|E,4MCE|1|D+4MCE|1|C"
"NR_3.0_78605.1","5JJI|1|G","5JJI|1|G"
"NR_3.0_07579.1","4OHZ|1|B","4OHZ|1|B"
"NR_3.0_51980.1","3AVX|1|T+3AVX|1|G","3AVX|1|T+3AVX|1|G"
"NR_3.0_11791.1","3BSU|1|D","3BSU|1|D,3BSU|1|I,4WKJ|1|A,4WKJ|1|C,4WKJ|1|G,4WKJ|1|D"
"NR_3.0_81112.1","6E7L|1|A","6E7L|1|A"
"NR_3.0_23989.1","2BTE|1|B","2BTE|1|B,2BTE|1|E"
"NR_3.0_22479.1","3D0U|1|A","3D0U|1|A,3D0X|1|A,4ERL|1|A,4ERJ|1|A"
"NR_3.0_53766.1","4KR6|1|D","4KR6|1|D"
"NR_3.0_85566.1","4GV6|1|C+4GV6|1|B","4GV6|1|C+4GV6|1|B,4GV3|1|C+4GV3|1|B,4GV9|1|F+4GV9|1|E"
"NR_3.0_96977.1","3MQK|1|D+3MQK|1|E","3MQK|1|D+3MQK|1|E"
"NR_3.0_65533.1","3OVB|1|C","3OVB|1|C,3OVA|1|C,3OVB|1|D,3OUY|1|C,3OVS|1|C,3OUY|1|D,3OV7|1|C,3OVS|1|D,3OV7|1|D"
"NR_3.0_03325.1","5ZUU|1|E+5ZUU|1|F","5ZUU|1|E+5ZUU|1|F"
"NR_3.0_33499.1","5ZQ8|1|D","5ZQ8|1|D,5ZQ8|1|C"
"NR_3.0_93971.1","6D06|1|B+6D06|1|C","6D06|1|B+6D06|1|C"
"NR_3.0_18848.1","6CB3|1|B","6CB3|1|B,6CB3|1|A,4Y1J|1|A,4Y1J|1|B,6CC3|1|A,4Y1I|1|A,4Y1I|1|B,6CC3|1|B,6CC1|1|B,6CC1|1|A"
"NR_3.0_49696.1","5LQT|1|A+5LQT|1|B","5LQT|1|A+5LQT|1|B"
"NR_3.0_80882.1","4Z31|1|E","4Z31|1|E,4Z31|1|F"
"NR_3.0_95023.1","2A8V|1|D","2A8V|1|D"
"NR_3.0_33315.1","2A8V|1|E","2A8V|1|E"
"NR_3.0_24558.1","2XNR|1|C","2XNR|1|C"
"NR_3.0_16093.1","6UV2|1|C","6UV2|1|C"
"NR_3.0_83079.1","2P7E|1|A","2P7E|1|A,2P7D|1|A"
"NR_3.0_09332.1","2JLV|1|C","2JLV|1|C,2JLV|1|D,2JLX|1|C,2JLX|1|D,2JLU|1|C,2JLZ|1|D,2JLZ|1|C,2JLU|1|D,2JLY|1|C,2JLY|1|D"
"NR_3.0_66484.2","3HHN|1|E","3HHN|1|E,3HHN|1|C"
"NR_3.0_54538.1","4JIY|1|A","4JIY|1|A"
"NR_3.0_88912.1","7C2K|1|F+7C2K|1|G","7C2K|1|F+7C2K|1|G"
"NR_3.0_19534.1","6YAL|1|1","6YAL|1|1"
"NR_3.0_60079.1","5X2G|1|B","5X2G|1|B,5X2H|1|B"
"NR_3.0_65615.1","5HR6|1|C","5HR6|1|C,5HR6|1|D"
"NR_3.0_99363.1","1SA9|1|C+1SA9|1|D","1SA9|1|C+1SA9|1|D,1SA9|1|A+1SA9|1|B,1SA9|1|E"
"NR_3.0_81496.1","5Y85|1|D","5Y85|1|D,5Y85|1|B,5Y87|1|D,5Y87|1|B"
"NR_3.0_53735.1","4QLM|1|A","4QLM|1|A,4QLN|1|A"
"NR_3.0_64642.1","4XWW|1|E","4XWW|1|E"
"NR_3.0_09504.1","4XWW|1|D","4XWW|1|D"
"NR_3.0_75304.1","3AHU|1|X","3AHU|1|X"
"NR_3.0_53856.1","5JBG|1|X","5JBG|1|X"
"NR_3.0_51454.1","6NOD|1|E","6NOD|1|E,6NOD|1|F,6NOD|1|D"
"NR_3.0_85950.1","3PTX|1|R","3PTX|1|R"
"NR_3.0_74407.1","5XH7|1|B","5XH7|1|B,5XH6|1|B,5B43|1|B"
"NR_3.0_74924.11","3PEY|1|B","3PEY|1|B,3PEW|1|B,5ELX|1|B,4ALP|1|E,2HYI|1|F,6G2K|1|R,2HYI|1|L,3EX7|1|J,5SZE|1|C,3EX7|1|F,3O8C|1|C,5BTE|1|D,3PF5|1|R,5BTE|1|C,6WRE|1|D,6I0U|1|B,5ZSA|1|C,5ZSA|1|D,3O8R|1|C,4Y91|1|O,4Y91|1|N,3PF5|1|S,6PPN|1|A,6PPN|1|I"
"NR_3.0_95256.1","6QDW|1|v","6QDW|1|v"
"NR_3.0_49362.3","280D|1|A+280D|1|B","280D|1|A+280D|1|B,280D|1|C+280D|1|D"
"NR_3.0_39268.1","3E2E|1|R","3E2E|1|R"
"NR_3.0_25125.1","3GM7|1|G+3GM7|1|H","3GM7|1|G+3GM7|1|H,1ZEV|1|A+1ZEV|1|B"
"NR_3.0_52699.1","2DR2|1|B","2DR2|1|B"
"NR_3.0_85719.1","1S76|1|R","1S76|1|R"
"NR_3.0_77791.1","5C9H|1|G+5C9H|1|E","5C9H|1|G+5C9H|1|E"
"NR_3.0_91027.1","5HK0|1|E","5HK0|1|E,5HK0|1|F"
"NR_3.0_39627.4","2R8S|1|R","2R8S|1|R,6D8O|1|A,6D8O|1|B,1HR2|1|B,1HR2|1|A,1L8V|1|B,1L8V|1|A,1GID|1|B,1GID|1|A"
"NR_3.0_86801.1","6G3B|1|C","6G3B|1|C"
"NR_3.0_49195.1","6LSE|1|C+6LSE|1|B","6LSE|1|C+6LSE|1|B"
"NR_3.0_27557.1","4KZD|1|R","4KZD|1|R,6B14|1|R,6B3K|1|R,4KZE|1|R"
"NR_3.0_93523.1","1ZBI|1|C","1ZBI|1|C,1ZBL|1|C"
"NR_3.0_77778.1","4WZQ|1|B+4WZQ|1|C","4WZQ|1|B+4WZQ|1|C"
"NR_3.0_63291.1","6GVY|1|C+6GVY|1|B","6GVY|1|C+6GVY|1|B"
"NR_3.0_18396.1","3ZC0|1|M","3ZC0|1|M,3ZC0|1|O,3ZC0|1|N"
"NR_3.0_75344.1","4QM6|1|D","4QM6|1|D,4QM6|1|C"
"NR_3.0_08052.1","5VCI|1|A+5VCI|1|B","5VCI|1|A+5VCI|1|B,5VGW|1|A+5VGW|1|B,5VCF|1|A+5VCF|1|B"
"NR_3.0_26426.2","6C63|1|A","6C63|1|A,6C63|1|B,6C65|1|A,6C65|1|B,6C64|1|A,6C64|1|B,6C63|1|C,6C65|1|C,6C64|1|D"
"NR_3.0_96460.1","4JZU|1|C","4JZU|1|C,4JZV|1|C"
"NR_3.0_27657.1","5VJ9|1|C","5VJ9|1|C,5VJ9|1|D,5VJ9|1|B,5VJ9|1|A,5VJB|1|D,5VJB|1|A,5VJB|1|C,5VJB|1|B"
"NR_3.0_23427.1","5YTV|1|B","5YTV|1|B"
"NR_3.0_18481.1","5EV4|1|B","5EV4|1|B"
"NR_3.0_68259.1","5UNE|1|A+5UNE|1|B","5UNE|1|A+5UNE|1|B"
"NR_3.0_62003.1","2E9Z|1|B+2E9Z|1|C","2E9Z|1|B+2E9Z|1|C"
"NR_3.0_81203.2","4K4Z|1|N+4K4Z|1|O+4K4Z|1|P","4K4Z|1|N+4K4Z|1|O+4K4Z|1|P,4K4Z|1|B+4K4Z|1|C+4K4Z|1|D,4K4X|1|J+4K4X|1|K+4K4X|1|L,4K4Z|1|J+4K4Z|1|K+4K4Z|1|L,4K4X|1|B+4K4X|1|C+4K4X|1|D,4K4Z|1|F+4K4Z|1|G+4K4Z|1|H,4K4X|1|F+4K4X|1|G+4K4X|1|H,4K4X|1|N+4K4X|1|O+4K4X|1|P"
"NR_3.0_30539.1","6SZU|1|V+6SZU|1|M","6SZU|1|V+6SZU|1|M"
"NR_3.0_30433.1","5EW4|1|B+5EW4|1|A","5EW4|1|B+5EW4|1|A,5EW7|1|B+5EW7|1|A"
"NR_3.0_24202.1","4PKD|1|V","4PKD|1|V"
"NR_3.0_18586.32","5TBW|1|AS","5TBW|1|AS,5TBW|1|3,4V88|1|A3,4V88|1|A7,6T4Q|1|C4,6TB3|1|BR,6SNT|1|4,4U4R|1|3,4U3U|1|7,4U4R|1|7,4U3U|1|3,4U4Q|1|7,4U4Q|1|3,4U3M|1|7,4U52|1|7,4U3M|1|3,4U4U|1|7,4U52|1|3,4U4U|1|3"
"NR_3.0_42484.1","2OEU|1|A","2OEU|1|A,3ZD3|1|A,2GOZ|1|A"
"NR_3.0_06107.1","2VUQ|1|A+2VUQ|1|B","2VUQ|1|A+2VUQ|1|B"
"NR_3.0_07832.1","3IBK|1|A","3IBK|1|A"
"NR_3.0_36231.1","2ANN|1|B","2ANN|1|B,2ANR|1|B"
"NR_3.0_89332.1","1A9N|1|Q","1A9N|1|Q,1A9N|1|R"
"NR_3.0_56742.1","6D3P|1|A","6D3P|1|A"
"NR_3.0_89953.1","6RTI|1|X","6RTI|1|X"
"NR_3.0_11374.1","6UFG|1|B","6UFG|1|B"
"NR_3.0_07634.1","6HU6|1|B+6HU6|1|F","6HU6|1|B+6HU6|1|F"
"NR_3.0_51779.4","1Z7F|1|A","1Z7F|1|A,1Z79|1|C,1Z79|1|A+1Z79|1|B,1YRM|1|C,1YRM|1|A+1YRM|1|B,405D|1|A+405D|1|B"
"NR_3.0_69516.1","1Y26|1|X","1Y26|1|X"
"NR_3.0_30079.1","5V1K|1|A+5V1K|1|B","5V1K|1|A+5V1K|1|B"
"NR_3.0_00518.1","5I9G|1|A","5I9G|1|A"
"NR_3.0_52315.1","4M4O|1|B","4M4O|1|B"
"NR_3.0_70717.1","6UFG|1|A","6UFG|1|A"
"NR_3.0_17264.1","2XSL|1|C+2XSL|1|D","2XSL|1|C+2XSL|1|D,2XSL|1|A+2XSL|1|B"
"NR_3.0_55424.1","3NKB|1|B","3NKB|1|B"
"NR_3.0_08924.1","4Z7K|1|C","4Z7K|1|C"
"NR_3.0_35133.5","2Z75|1|B","2Z75|1|B,2GCV|1|B,2Z74|1|B,2H0X|1|B,2H0W|1|B,2GCS|1|B,3B4B|1|B,2HO6|1|B,2HO7|1|B,3B4A|1|B,3B4C|1|B,2H0S|1|B"
"NR_3.0_67328.2","6QW6|1|4","6QW6|1|4"
"NR_3.0_67171.1","418D|1|A+418D|1|B","418D|1|A+418D|1|B"
"NR_3.0_53426.1","4E6B|1|A+4E6B|1|B","4E6B|1|A+4E6B|1|B"
"NR_3.0_78797.3","4LVW|1|A","4LVW|1|A,4LVX|1|A,4LVY|1|A,4LW0|1|A,4LVV|1|A,4LVZ|1|A,6Q57|1|A,3SD3|1|A,3SD1|1|A"
"NR_3.0_65220.1","6A6J|1|D","6A6J|1|D,6A6J|1|B,6A6L|1|D"
"NR_3.0_41538.1","1WNE|1|B+1WNE|1|C","1WNE|1|B+1WNE|1|C"
"NR_3.0_79612.1","1UVI|1|D","1UVI|1|D,1UVI|1|F,1UVI|1|E"
"NR_3.0_24663.1","3GS5|1|C","3GS5|1|C"
"NR_3.0_17580.1","4JRT|1|A+4JRT|1|B","4JRT|1|A+4JRT|1|B"
"NR_3.0_24791.1","3GS5|1|A","3GS5|1|A"
"NR_3.0_53890.1","2AO5|1|C+2AO5|1|D","2AO5|1|C+2AO5|1|D,2AO5|1|A+2AO5|1|B"
"NR_3.0_00810.1","4C7O|1|E","4C7O|1|E"
"NR_3.0_42085.1","4M7D|1|P","4M7D|1|P,4M7D|1|O"
"NR_3.0_34126.1","3HAX|1|E","3HAX|1|E"
"NR_3.0_33790.1","4K4U|1|B+4K4U|1|C+4K4U|1|D","4K4U|1|B+4K4U|1|C+4K4U|1|D,4K4U|1|F+4K4U|1|G+4K4U|1|H"
"NR_3.0_33378.1","3V74|1|B","3V74|1|B"
"NR_3.0_10291.1","6RT7|1|E","6RT7|1|E,6RT7|1|A"
"NR_3.0_65598.1","1TFW|1|H+1TFW|1|E","1TFW|1|H+1TFW|1|E,1TFW|1|I+1TFW|1|F"
"NR_3.0_03525.1","2BH2|1|D","2BH2|1|D,2BH2|1|C"
"NR_3.0_25856.1","2VOO|1|C","2VOO|1|C,2VOO|1|D"
"NR_3.0_12677.1","402D|1|A+402D|1|B","402D|1|A+402D|1|B"
"NR_3.0_61988.1","3OG8|1|C+3OG8|1|D","3OG8|1|C+3OG8|1|D,3LRN|1|C+3LRN|1|D"
"NR_3.0_18996.1","1DI2|1|E","1DI2|1|E,1DI2|1|C+1DI2|1|D,1RC7|1|B+1RC7|1|C,1RC7|1|D+1RC7|1|E,1DI2|1|G"
"NR_3.0_28661.1","5K78|1|X","5K78|1|X"
"NR_3.0_25155.1","5K78|1|Y","5K78|1|Y"
"NR_3.0_43515.1","6DP8|1|B","6DP8|1|B"
"NR_3.0_33619.1","5K78|1|x","5K78|1|x,5K78|1|y"
"NR_3.0_73803.1","5VOE|1|A","5VOE|1|A,5VOF|1|A"
"NR_3.0_93701.1","5V3F|1|A","5V3F|1|A,5V3F|1|B"
"NR_3.0_96160.1","3CJZ|1|A+3CJZ|1|B","3CJZ|1|A+3CJZ|1|B"
"NR_3.0_72335.1","5MSF|1|R","5MSF|1|R,5MSF|1|S"
"NR_3.0_46884.1","1MZP|1|B","1MZP|1|B"
"NR_3.0_25919.1","6CF2|1|G","6CF2|1|G"
"NR_3.0_18726.1","6MFN|1|E+6MFN|1|C","6MFN|1|E+6MFN|1|C"
"NR_3.0_29353.1","4QQB|1|P","4QQB|1|P,4QQB|1|C"
"NR_3.0_03657.1","1DDL|1|D","1DDL|1|D"
"NR_3.0_51111.1","4NIA|1|o","4NIA|1|o,4NIA|1|p,4NIA|1|s,4NIA|1|j,4NIA|1|r,4NIA|1|k,4NIA|1|l,4NIA|1|q,4NIA|1|f,4OQ9|1|p,4OQ9|1|k,4OQ9|1|o,4OQ9|1|r,4OQ9|1|j,4OQ9|1|q,4OQ9|1|f,4OQ9|1|l,4OQ9|1|s"
"NR_3.0_91665.4","4QCL|1|B","4QCL|1|B,4Q5V|1|B,4Q5V|1|F"
"NR_3.0_31898.1","5U0Q|1|C+5U0Q|1|D","5U0Q|1|C+5U0Q|1|D,5U0Q|1|A+5U0Q|1|B,5TKO|1|A+5TKO|1|B,5TKO|1|C+5TKO|1|D"
"NR_3.0_03510.30","4V88|1|A6","4V88|1|A6,5TBW|1|sR,4V88|1|A2,5TBW|1|A,6T4Q|1|C2,4U4R|1|6,6TB3|1|2,6SNT|1|2,4U3U|1|6,4U4R|1|2,4U3U|1|2,4U3M|1|6,4U4Q|1|6,4U4U|1|6,4U52|1|6,4U3M|1|2,4U52|1|2,4U4U|1|2,4U4Q|1|2"
"NR_3.0_16755.1","2EC0|1|B+2EC0|1|C","2EC0|1|B+2EC0|1|C,2EC0|1|E+2EC0|1|F"
"NR_3.0_40252.1","2QUS|1|A","2QUS|1|A,2QUS|1|B"
"NR_3.0_68262.1","3X1L|1|I","3X1L|1|I"
"NR_3.0_81896.1","3GLP|1|B+3GLP|1|A","3GLP|1|B+3GLP|1|A,3GLP|1|C+3GLP|1|D,3GLP|1|E"
"NR_3.0_30422.1","2VNU|1|B","2VNU|1|B"
"NR_3.0_98593.1","5D8H|1|A","5D8H|1|A"
"NR_3.0_71501.1","6V3A|1|sN1","6V3A|1|sN1,6V3B|1|sN1"
"NR_3.0_19056.1","5WWG|1|B","5WWG|1|B"
"NR_3.0_88266.1","1G2E|1|B","1G2E|1|B"
"NR_3.0_69774.1","5H1K|1|C+5H1K|1|D","5H1K|1|C+5H1K|1|D"
"NR_3.0_05064.1","5ZC9|1|B","5ZC9|1|B"
"NR_3.0_90416.1","6AZ1|1|1","6AZ1|1|1,5T2A|1|2,5OSG|1|2"
"NR_3.0_31480.1","4YAZ|1|R","4YAZ|1|R,4YAZ|1|A,4YB0|1|R,4YB0|1|A"
"NR_3.0_24721.1","6PPP|1|A","6PPP|1|A,6PPP|1|I"
"NR_3.0_39569.1","4YYE|1|C","4YYE|1|C,4YYE|1|D"
"NR_3.0_89748.1","6KQL|1|I","6KQL|1|I"
"NR_3.0_31288.1","4C8Y|1|C","4C8Y|1|C"
"NR_3.0_18718.1","4PDB|1|I","4PDB|1|I"
"NR_3.0_40560.1","3OIN|1|C","3OIN|1|C,3OIJ|1|D,3OIJ|1|C"
"NR_3.0_70313.2","5H9F|1|L","5H9F|1|L"
"NR_3.0_56855.1","3KNA|1|B+3KNA|1|C","3KNA|1|B+3KNA|1|C,4IQX|1|B+4IQX|1|C,3KMS|1|B+3KMS|1|C,3KLV|1|B+3KLV|1|C"
"NR_3.0_11198.1","1BMV|1|M","1BMV|1|M"
"NR_3.0_08692.2","3G9C|1|Q","3G9C|1|Q,2NZ4|1|Q,3G9C|1|R,2NZ4|1|R,3G9C|1|S,2NZ4|1|P,2NZ4|1|S,3G9C|1|P,3L3C|1|Q,3L3C|1|R,3L3C|1|P,3L3C|1|S,3G8T|1|R,3G8T|1|Q,3G8T|1|P,3G8T|1|S,3G95|1|Q,3G95|1|R,3G95|1|S,3G95|1|P"
"NR_3.0_04414.1","6TW1|1|V+6TW1|1|M","6TW1|1|V+6TW1|1|M,6T0R|1|V"
"NR_3.0_45731.1","6LSG|1|B+6LSG|1|C","6LSG|1|B+6LSG|1|C"
"NR_3.0_01810.1","3KS8|1|E+3KS8|1|F","3KS8|1|E+3KS8|1|F"
"NR_3.0_45842.1","6GD2|1|D","6GD2|1|D"
"NR_3.0_33685.1","4E6B|1|E+4E6B|1|F","4E6B|1|E+4E6B|1|F"
"NR_3.0_62528.1","5EEU|1|W","5EEU|1|W,5EEV|1|W,5EEX|1|W,5EEW|1|W,5EEY|1|W,5EEZ|1|W,5EF0|1|W,1GTF|1|W,5EF1|1|W,5EF2|1|W,5EF3|1|W"
"NR_3.0_05788.1","6P71|1|I","6P71|1|I"
"NR_3.0_17495.1","3SSF|1|A","3SSF|1|A"
"NR_3.0_58318.1","406D|1|A+406D|1|E","406D|1|A+406D|1|E"
"NR_3.0_44698.1","6UFM|1|A","6UFM|1|A"
"NR_3.0_03365.1","6UFM|1|B","6UFM|1|B"
"NR_3.0_45166.1","5DET|1|Q","5DET|1|Q"
"NR_3.0_89128.1","5DET|1|P","5DET|1|P"
"NR_3.0_51148.1","5ELS|1|H","5ELS|1|H"
"NR_3.0_26105.1","5ELS|1|I","5ELS|1|I"
"NR_3.0_30844.1","1QC0|1|B+1QC0|1|A","1QC0|1|B+1QC0|1|A"
"NR_3.0_30596.1","3A6P|1|E+3A6P|1|D","3A6P|1|E+3A6P|1|D,3A6P|1|J+3A6P|1|I"
"NR_3.0_24114.1","6NOH|1|B","6NOH|1|B,6NOF|1|B,6NOC|1|B"
"NR_3.0_10787.1","5X6B|1|P","5X6B|1|P"
"NR_3.0_29277.1","4N2S|1|B","4N2S|1|B"
"NR_3.0_84559.1","6E8U|1|B","6E8U|1|B,6PQ7|1|C"
"NR_3.0_29002.1","4WSB|1|V+4WSB|1|R","4WSB|1|V+4WSB|1|R"
"NR_3.0_66760.1","5I9F|1|F","5I9F|1|F"
"NR_3.0_57114.1","5N94|1|D","5N94|1|D,5N94|1|C"
"NR_3.0_30259.1","5T7B|1|R","5T7B|1|R"
"NR_3.0_20857.1","5VAJ|1|C","5VAJ|1|C"
"NR_3.0_45187.1","4YOE|1|E","4YOE|1|E"
"NR_3.0_74336.1","1ZBH|1|F","1ZBH|1|F,1ZBH|1|E"
"NR_3.0_53827.1","1ZDJ|1|R","1ZDJ|1|R,1ZDJ|1|S"
"NR_3.0_79329.1","332D|1|A+332D|1|B","332D|1|A+332D|1|B"
"NR_3.0_62747.1","4FTB|1|R","4FTB|1|R"
"NR_3.0_68652.1","3QRP|1|B+3QRP|1|C","3QRP|1|B+3QRP|1|C"
"NR_3.0_24908.1","5GXI|1|B","5GXI|1|B"
"NR_3.0_62367.1","1MJI|1|D","1MJI|1|D,1MJI|1|C"
"NR_3.0_85762.1","3K62|1|B","3K62|1|B"
"NR_3.0_36371.1","283D|1|A","283D|1|A"
"NR_3.0_27949.7","1I5L|1|Y","1I5L|1|Y,1I5L|1|U"
"NR_3.0_54448.1","2BBV|1|N","2BBV|1|N"
"NR_3.0_83080.1","2QWY|1|C","2QWY|1|C,2QWY|1|A,2QWY|1|B"
"NR_3.0_80225.1","6OL3|1|C","6OL3|1|C"
"NR_3.0_23784.1","1QCU|1|A+1QCU|1|B","1QCU|1|A+1QCU|1|B"
"NR_3.0_26059.1","4P3U|1|C+4P3U|1|D","4P3U|1|C+4P3U|1|D"
"NR_3.0_61892.1","4QIL|1|C","4QIL|1|C,4QIL|1|D"
"NR_3.0_52691.1","4E78|1|P+4E78|1|T","4E78|1|P+4E78|1|T"
"NR_3.0_80567.1","3GVN|1|A+3GVN|1|B","3GVN|1|A+3GVN|1|B"
"NR_3.0_31167.1","6V3A|1|B","6V3A|1|B,6V3B|1|B,6V3D|1|B"
"NR_3.0_49553.1","3CUL|1|C","3CUL|1|C,3CUN|1|C,3CUL|1|D,3CUN|1|D"
"NR_3.0_44868.1","6FZ0|1|A","6FZ0|1|A"
"NR_3.0_08242.1","6V3A|1|v","6V3A|1|v"
"NR_3.0_14513.1","3SIU|1|F","3SIU|1|F,3SIU|1|C"
"NR_3.0_12561.1","6QN3|1|A+6QN3|1|B","6QN3|1|A+6QN3|1|B"
"NR_3.0_20306.1","4ZLR|1|C","4ZLR|1|C"
"NR_3.0_12080.1","3HGA|1|X","3HGA|1|X,1OSU|1|A"
"NR_3.0_17090.1","5XC6|1|C","5XC6|1|C,5XC6|1|D"
"NR_3.0_93219.1","2AZ0|1|C+2AZ0|1|D","2AZ0|1|C+2AZ0|1|D,2AZ2|1|C+2AZ2|1|D"
"NR_3.0_28964.1","1PGL|1|3","1PGL|1|3"
"NR_3.0_60836.1","5A0V|1|E","5A0V|1|E,5A0V|1|F"
"NR_3.0_75747.1","3AVT|1|T","3AVT|1|T"
"NR_3.0_33669.1","4PY5|1|B","4PY5|1|B"
"NR_3.0_14959.1","6DCC|1|B","6DCC|1|B,6DCB|1|B"
"NR_3.0_39179.1","4WZM|1|B+4WZM|1|C","4WZM|1|B+4WZM|1|C"
"NR_3.0_54657.1","2O3Y|1|A+2O3Y|1|B","2O3Y|1|A+2O3Y|1|B,2G5K|1|A+2G5K|1|B,2FQN|1|A+2FQN|1|B,2O3W|1|A+2O3W|1|B"
"NR_3.0_50990.1","4U34|1|B+4U34|1|A","4U34|1|B+4U34|1|A"
"NR_3.0_98595.1","6GV4|1|D","6GV4|1|D"
"NR_3.0_65600.1","2XLK|1|C","2XLK|1|C,2XLK|1|D,2XLI|1|B,2XLJ|1|B,4AL6|1|B"
"NR_3.0_41922.1","4KTG|1|B","4KTG|1|B,4KTG|1|E"
"NR_3.0_78931.1","4KNQ|1|B","4KNQ|1|B"
"NR_3.0_90823.1","5D0B|1|F","5D0B|1|F"
"NR_3.0_70871.1","377D|1|A+377D|1|B","377D|1|A+377D|1|B,377D|1|C+377D|1|D"
"NR_3.0_09880.4","2G8I|1|B","2G8I|1|B,2G8F|1|B,5USG|1|B,3ULD|1|B,2G8K|1|B,3TWH|1|B,5USA|1|B,5WJR|1|B,5W7O|1|B,5USE|1|B,5US2|1|B,5W7N|1|B,2G8H|1|B,2R7Y|1|B,2G8V|1|B,2G8W|1|B,2G8U|1|B"
"NR_3.0_15417.1","1KH6|1|A","1KH6|1|A"
"NR_3.0_73526.1","361D|1|A","361D|1|A"
"NR_3.0_77810.2","6D1V|1|C","6D1V|1|C,4S2X|1|B,4S2Y|1|B"
"NR_3.0_73713.1","4Z31|1|C+4Z31|1|D","4Z31|1|C+4Z31|1|D"
"NR_3.0_70550.1","361D|1|B","361D|1|B"
"NR_3.0_57734.1","2BGG|1|P+2BGG|1|Q","2BGG|1|P+2BGG|1|Q,2BGG|1|R+2BGG|1|S"
"NR_3.0_29245.1","3AVU|1|T+3AVU|1|G","3AVU|1|T+3AVU|1|G"
"NR_3.0_97537.1","3P4D|1|B","3P4D|1|B,3P4D|1|A"
"NR_3.0_50588.1","3NVI|1|F","3NVI|1|F,3NVI|1|E"
"NR_3.0_70662.1","6PIJ|1|1","6PIJ|1|1,6V9Q|1|K"
"NR_3.0_70420.1","1J1U|1|B","1J1U|1|B"
"NR_3.0_75133.1","6DN2|1|Y+6DN2|1|X","6DN2|1|Y+6DN2|1|X,6DN3|1|Y+6DN3|1|X,3F4H|1|Y+3F4H|1|X,6BFB|1|Y+6BFB|1|X"
"NR_3.0_14212.1","5HO4|1|B","5HO4|1|B"
"NR_3.0_90215.1","1YLS|1|B","1YLS|1|B,1YLS|1|D"
"NR_3.0_67574.1","5F8N|1|B+5F8N|1|C","5F8N|1|B+5F8N|1|C,4K4W|1|B+4K4W|1|C,4K4W|1|F+4K4W|1|G,5F8M|1|B+5F8M|1|C,5F8L|1|B+5F8L|1|C"
"NR_3.0_96162.1","5CZZ|1|B","5CZZ|1|B,5AXW|1|B"
"NR_3.0_32332.1","5E81|1|3L","5E81|1|3L,5E81|1|3K"
"NR_3.0_39792.1","4U7U|1|L","4U7U|1|L,4U7U|1|X"
"NR_3.0_08738.1","3Q0P|1|D","3Q0P|1|D,3Q0P|1|C"
"NR_3.0_33458.1","3MIJ|1|A","3MIJ|1|A"
"NR_3.0_30330.1","6U9X|1|H","6U9X|1|H,6U9X|1|K"
"NR_3.0_68289.1","4F02|1|B","4F02|1|B,4F02|1|E"
"NR_3.0_55334.1","5ELK|1|R","5ELK|1|R"
"NR_3.0_03470.1","1SER|1|T","1SER|1|T"
"NR_3.0_26733.1","2G4B|1|B","2G4B|1|B"
"NR_3.0_10054.2","5DH6|1|A","5DH6|1|A,5DI4|1|A,5DQK|1|A,5EAO|1|A,5DI2|1|A"
"NR_3.0_64208.1","5G4U|1|I+5G4U|1|J","5G4U|1|I+5G4U|1|J,5G4U|1|A+5G4U|1|B,5G4V|1|A+5G4V|1|B,5G4V|1|E+5G4V|1|F,5G4U|1|E+5G4U|1|F"
"NR_3.0_37735.1","1L2X|1|A","1L2X|1|A,437D|1|A,1L3D|1|A"
"NR_3.0_39458.1","6E8T|1|A","6E8T|1|A,6E8T|1|C,6E8T|1|B"
"NR_3.0_14315.1","6E8T|1|D","6E8T|1|D"
"NR_3.0_07071.1","6JJH|1|B","6JJH|1|B"
"NR_3.0_48282.1","2RFK|1|E+2RFK|1|D+2RFK|1|F","2RFK|1|E+2RFK|1|D+2RFK|1|F"
"NR_3.0_20040.1","6UV1|1|D","6UV1|1|D"
"NR_3.0_83260.1","5Z4D|1|B","5Z4D|1|B"
"NR_3.0_36746.1","5MGA|1|B","5MGA|1|B"
"NR_3.0_83665.1","5Y58|1|X","5Y58|1|X,5Y58|1|Y,5Y58|1|Z"
"NR_3.0_73502.1","6O78|1|E","6O78|1|E"
"NR_3.0_21705.1","3SKI|1|A","3SKI|1|A,3SKI|1|B,3SLM|1|B,3SKZ|1|A,3SLM|1|A,3SLQ|1|A,3SKZ|1|B,3SLQ|1|B"
"NR_3.0_81653.1","1J6S|1|A","1J6S|1|A,1J6S|1|C,1J6S|1|D,1J6S|1|B"
"NR_3.0_19715.1","255D|1|A","255D|1|A"
"NR_3.0_15161.1","5EN1|1|B","5EN1|1|B"
"NR_3.0_46403.1","3BNN|1|C+3BNN|1|D","3BNN|1|C+3BNN|1|D,3BNN|1|A+3BNN|1|B,3BNO|1|A+3BNO|1|B,3BNO|1|C+3BNO|1|D,3BNP|1|A+3BNP|1|B"
"NR_3.0_27566.1","5WS2|1|D","5WS2|1|D,5HAB|1|C,5WS2|1|C,5HAB|1|D"
"NR_3.0_06970.1","4GG4|1|H","4GG4|1|H"
"NR_3.0_48641.1","1M8X|1|D","1M8X|1|D,1M8W|1|D"
"NR_3.0_40126.1","1M8W|1|E","1M8W|1|E"
"NR_3.0_48589.1","2O3V|1|A+2O3V|1|B","2O3V|1|A+2O3V|1|B"
"NR_3.0_14136.1","1DFU|1|M+1DFU|1|N","1DFU|1|M+1DFU|1|N"
"NR_3.0_81068.1","1M8W|1|C","1M8W|1|C,1M8X|1|C"
"NR_3.0_93459.1","1M8W|1|F","1M8W|1|F"
"NR_3.0_72021.1","4PQV|1|A","4PQV|1|A"
"NR_3.0_79254.1","3KFU|1|L","3KFU|1|L,3KFU|1|K,3KFU|1|N,3KFU|1|M"
"NR_3.0_88047.3","5UDI|1|B","5UDI|1|B,5UDL|1|B,5UDK|1|B,5UDJ|1|B,5W5I|1|B,5W5I|1|D,5W5H|1|B,5W5H|1|D"
"NR_3.0_43901.1","1R3E|1|D+1R3E|1|E","1R3E|1|D+1R3E|1|E"
"NR_3.0_82961.1","3GIB|1|H","3GIB|1|H"
"NR_3.0_64375.1","5BTP|1|B","5BTP|1|B,5BTP|1|A"
"NR_3.0_54156.1","5EME|1|A","5EME|1|A"
"NR_3.0_02089.1","4G9Z|1|E+4G9Z|1|F","4G9Z|1|E+4G9Z|1|F"
"NR_3.0_79446.1","2G91|1|A+2G91|1|B","2G91|1|A+2G91|1|B"
"NR_3.0_20773.1","6O7H|1|G+6O7H|1|H","6O7H|1|G+6O7H|1|H,6MUU|1|G"
"NR_3.0_72277.1","3NMA|1|B+3NMA|1|C","3NMA|1|B+3NMA|1|C"
"NR_3.0_57646.1","5M0J|1|E","5M0J|1|E"
"NR_3.0_78625.1","5M0J|1|F","5M0J|1|F"
"NR_3.0_81333.1","3WBM|1|X+3WBM|1|Y","3WBM|1|X+3WBM|1|Y"
"NR_3.0_42126.1","2B3J|1|E","2B3J|1|E,2B3J|1|F,2B3J|1|H"
"NR_3.0_32733.1","2PO1|1|C","2PO1|1|C"
"NR_3.0_21689.1","2B3J|1|G","2B3J|1|G"
"NR_3.0_85397.1","6EEN|1|G","6EEN|1|G"
"NR_3.0_07366.1","6EEN|1|F","6EEN|1|F"
"NR_3.0_20951.1","6U8D|1|A","6U8D|1|A,6U8K|1|B,6U8K|1|A,6U8K|1|C"
"NR_3.0_06759.1","6EEN|1|I","6EEN|1|I"
"NR_3.0_18559.1","6EEN|1|H","6EEN|1|H"
"NR_3.0_56860.1","5Z9X|1|R","5Z9X|1|R"
"NR_3.0_56204.1","6UGG|1|B","6UGG|1|B,6UGG|1|A,1C0A|1|B,1EFW|1|D,1EFW|1|C"
"NR_3.0_01782.1","4WTI|1|T+4WTI|1|P","4WTI|1|T+4WTI|1|P"
"NR_3.0_58324.1","6I3P|1|F","6I3P|1|F,6I3P|1|H,6I3P|1|E,6I3P|1|G"
"NR_3.0_98802.1","6DLR|1|A","6DLR|1|A,6DLT|1|A,6DLS|1|A,6DLQ|1|A,6DNR|1|A"
"NR_3.0_30439.1","3EGZ|1|B","3EGZ|1|B"
"NR_3.0_62516.1","3SJ2|1|A+3SJ2|1|B","3SJ2|1|A+3SJ2|1|B"
"NR_3.0_05778.1","5GXH|1|B","5GXH|1|B"
"NR_3.0_87665.1","5D8T|1|A+5D8T|1|B","5D8T|1|A+5D8T|1|B,6CY2|1|A+6CY2|1|B,6CXZ|1|A+6CXZ|1|B,5VR4|1|C+5VR4|1|D,5VR4|1|A+5VR4|1|B,6CY4|1|C+6CY4|1|D,6CY4|1|A+6CY4|1|B,6CY4|1|E+6CY4|1|F,6CY4|1|G+6CY4|1|H,5DER|1|A+5DER|1|B,5DER|1|C+5DER|1|D,6CY0|1|A+6CY0|1|B,6CY0|1|C+6CY0|1|D,6CY0|1|E+6CY0|1|F,6CY0|1|G+6CY0|1|H"
"NR_3.0_90969.1","2ZZN|1|D","2ZZN|1|D,2ZZN|1|C"
"NR_3.0_12687.1","4RBZ|1|A","4RBZ|1|A"
"NR_3.0_23920.1","6P2H|1|A","6P2H|1|A"
"NR_3.0_85126.1","5BZU|1|B","5BZU|1|B"
"NR_3.0_03341.1","4HOR|1|X","4HOR|1|X"
"NR_3.0_26209.1","6FQL|1|B","6FQL|1|B"
"NR_3.0_39323.1","3ADL|1|B+3ADL|1|C","3ADL|1|B+3ADL|1|C"
"NR_3.0_44743.1","6AJK|1|B","6AJK|1|B"
"NR_3.0_97569.1","2W89|1|A+2W89|1|B","2W89|1|A+2W89|1|B,2W89|1|C+2W89|1|D"
"NR_3.0_74135.1","2XGJ|1|D","2XGJ|1|D"
"NR_3.0_11258.1","2XGJ|1|C","2XGJ|1|C"
"NR_3.0_70496.1","1Y27|1|X","1Y27|1|X"
"NR_3.0_27904.1","2XD0|1|W","2XD0|1|W"
"NR_3.0_35883.1","3RZO|1|R","3RZO|1|R"
"NR_3.0_40386.1","5WLH|1|B","5WLH|1|B"
"NR_3.0_03183.1","4XW1|1|C","4XW1|1|C"
"NR_3.0_99184.1","433D|1|A+433D|1|B","433D|1|A+433D|1|B"
"NR_3.0_12608.1","3R2D|1|R+3R2D|1|S","3R2D|1|R+3R2D|1|S"
"NR_3.0_40086.1","4JGN|1|E","4JGN|1|E,4JK0|1|B"
"NR_3.0_94840.1","404D|1|A","404D|1|A"
"NR_3.0_27378.1","1QLN|1|R","1QLN|1|R"
"NR_3.0_09807.1","6LSH|1|B+6LSH|1|C","6LSH|1|B+6LSH|1|C"
"NR_3.0_83188.1","6OON|1|B","6OON|1|B"
"NR_3.0_12819.1","2XS7|1|B","2XS7|1|B"
"NR_3.0_49650.1","2VOP|1|B","2VOP|1|B"
"NR_3.0_63789.1","3ADD|1|C","3ADD|1|C,3ADD|1|D,3ADB|1|D,3ADB|1|C,3ADC|1|C,3ADC|1|D"
"NR_3.0_79481.1","4RBQ|1|A","4RBQ|1|A,5DA6|1|A"
"NR_3.0_35200.1","5KI6|1|B","5KI6|1|B"
"NR_3.0_73160.1","6UV4|1|C","6UV4|1|C"
"NR_3.0_75659.1","6UEJ|1|B","6UEJ|1|B"
"NR_3.0_88000.1","5XOG|1|P","5XOG|1|P"
"NR_3.0_56560.1","3QJJ|1|Q","3QJJ|1|Q"
"NR_3.0_34353.1","3QJJ|1|R","3QJJ|1|R"
"NR_3.0_72172.1","5CCB|1|N","5CCB|1|N,5CCX|1|N"
"NR_3.0_67439.2","4PQU|1|T","4PQU|1|T,4PQU|1|E,4PUO|1|T,4PUO|1|E"
"NR_3.0_83745.1","5T3K|1|A+5T3K|1|B","5T3K|1|A+5T3K|1|B,5T3K|1|C+5T3K|1|D,1T0D|1|C+1T0D|1|D,1T0D|1|A+1T0D|1|B"
"NR_3.0_09192.1","5ID6|1|G","5ID6|1|G"
"NR_3.0_83386.1","1U0B|1|A","1U0B|1|A"
"NR_3.0_90819.1","413D|1|A","413D|1|A"
"NR_3.0_68957.1","2PJP|1|B","2PJP|1|B"
"NR_3.0_56203.1","5I4A|1|D","5I4A|1|D,5I4A|1|B"
"NR_3.0_71707.1","2VON|1|C","2VON|1|C,2VON|1|D"
"NR_3.0_73551.1","1SDS|1|D","1SDS|1|D,1SDS|1|E,1SDS|1|F"
"NR_3.0_82993.1","5YTX|1|B","5YTX|1|B"
"NR_3.0_33509.1","3MDI|1|C","3MDI|1|C"
"NR_3.0_78685.1","4NH5|1|B","4NH5|1|B"
"NR_3.0_80035.1","5W6V|1|R","5W6V|1|R"
"NR_3.0_31040.1","5ZTM|1|C","5ZTM|1|C"
"NR_3.0_80055.1","1RLG|1|D","1RLG|1|D,1RLG|1|C"
"NR_3.0_57688.1","409D|1|C+409D|1|D","409D|1|C+409D|1|D,409D|1|A+409D|1|B,409D|1|E+409D|1|F"
"NR_3.0_47227.1","4G0A|1|H","4G0A|1|H"
"NR_3.0_38781.1","3R9W|1|B","3R9W|1|B"
"NR_3.0_48507.1","5GJB|1|B","5GJB|1|B"
"NR_3.0_56975.1","5CKI|1|D","5CKI|1|D,5CKK|1|D"
"NR_3.0_80680.1","3R1D|1|E","3R1D|1|E"
"NR_3.0_75875.1","3SN2|1|B","3SN2|1|B"
"NR_3.0_26836.2","4BW0|1|A","4BW0|1|A,5FJ1|1|B,5FJ1|1|E,5FJ1|1|C,5FJ1|1|A,5FJ1|1|D,5FJ1|1|F,5FJ1|1|H,5FJ1|1|G"
"NR_3.0_19332.1","6R9P|1|B","6R9P|1|B"
"NR_3.0_50760.1","6TQB|1|B","6TQB|1|B"
"NR_3.0_50754.1","4E7A|1|P+4E7A|1|T","4E7A|1|P+4E7A|1|T"
"NR_3.0_79282.1","3FTM|1|D+3FTM|1|C","3FTM|1|D+3FTM|1|C,3FTM|1|B+3FTM|1|A"
"NR_3.0_60357.1","3KOA|1|B+3KOA|1|C","3KOA|1|B+3KOA|1|C"
"NR_3.0_98303.1","4N48|1|D","4N48|1|D,4N48|1|G"
"NR_3.0_78647.1","6KUG|1|B","6KUG|1|B,6KTC|1|V"
"NR_3.0_65768.1","3AEV|1|C","3AEV|1|C"
"NR_3.0_78175.1","3ICE|1|G","3ICE|1|G"
"NR_3.0_84932.1","5WWF|1|B","5WWF|1|B,5WWF|1|D"
"NR_3.0_81754.1","6LLB|1|C","6LLB|1|C"
"NR_3.0_87252.1","2Y8W|1|B","2Y8W|1|B"
"NR_3.0_25498.1","6LLB|1|D","6LLB|1|D"
"NR_3.0_17351.1","6Y2L|1|B4","6Y2L|1|B4"
"NR_3.0_16422.1","1SAQ|1|A+1SAQ|1|B","1SAQ|1|A+1SAQ|1|B,1SAQ|1|C+1SAQ|1|D,1SAQ|1|E"
"NR_3.0_41964.1","4O8J|1|D","4O8J|1|D,4O8J|1|E"
"NR_3.0_13543.1","5WZK|1|B","5WZK|1|B"
"NR_3.0_78109.1","6M7K|1|B","6M7K|1|B"
"NR_3.0_24161.1","4KXT|1|B","4KXT|1|B"
"NR_3.0_79523.1","3FOZ|1|D","3FOZ|1|D"
"NR_3.0_07169.1","4P3U|1|B+4P3U|1|A","4P3U|1|B+4P3U|1|A"
"NR_3.0_60049.2","3CD6|1|4","3CD6|1|4,3CMA|1|5,1VQO|1|4,1QVG|1|3,3CME|1|5"
"NR_3.0_97675.1","6N4O|1|C+6N4O|1|D","6N4O|1|C+6N4O|1|D"
"NR_3.0_84179.1","3WZI|1|C","3WZI|1|C"
"NR_3.0_52096.2","4TUW|1|C","4TUW|1|C,4TUW|1|D,4TV0|1|B"
"NR_3.0_63943.1","354D|1|A+354D|1|B","354D|1|A+354D|1|B"
"NR_3.0_33558.1","4PCO|1|A+4PCO|1|B","4PCO|1|A+4PCO|1|B,4PCO|1|E,4PCO|1|C+4PCO|1|D"
"NR_3.0_06694.1","4ED5|1|D","4ED5|1|D,4ED5|1|C"
"NR_3.0_60948.1","6JIM|1|C","6JIM|1|C,6JIM|1|D"
"NR_3.0_98033.1","2AZX|1|D","2AZX|1|D,2AZX|1|C"
"NR_3.0_59099.1","5AOX|1|C","5AOX|1|C,5AOX|1|F"
"NR_3.0_35553.1","3D2S|1|F","3D2S|1|F,3D2S|1|H"
"NR_3.0_66418.1","6FQ3|1|B","6FQ3|1|B"
"NR_3.0_67685.1","3D2S|1|E","3D2S|1|E,3D2S|1|G"
"NR_3.0_33059.1","4X4U|1|G","4X4U|1|G"
"NR_3.0_85174.1","1QF6|1|B","1QF6|1|B"
"NR_3.0_54586.1","1L3Z|1|B","1L3Z|1|B,1L3Z|1|A"
"NR_3.0_55924.2","1OOA|1|C","1OOA|1|C,1OOA|1|D"
"NR_3.0_02070.1","5CNR|1|A+5CNR|1|B","5CNR|1|A+5CNR|1|B,5CNR|1|E+5CNR|1|F"
"NR_3.0_67036.1","5H1L|1|B","5H1L|1|B"
"NR_3.0_46370.1","5K8H|1|A","5K8H|1|A"
"NR_3.0_79184.1","4GCW|1|B","4GCW|1|B,2FK6|1|R"
"NR_3.0_02858.1","2QUX|1|F","2QUX|1|F,2QUX|1|I,2QUX|1|C,2QUX|1|R,2QUX|1|O,2QUX|1|L"
"NR_3.0_34288.1","3QJL|1|R","3QJL|1|R,3QJL|1|X"
"NR_3.0_20366.1","1QCU|1|C+1QCU|1|D","1QCU|1|C+1QCU|1|D"
"NR_3.0_01439.1","5TPY|1|A","5TPY|1|A"
"NR_3.0_75931.1","5ZW4|1|D","5ZW4|1|D"
"NR_3.0_76648.1","1AV6|1|B","1AV6|1|B"
"NR_3.0_14992.1","5XPA|1|D","5XPA|1|D"
"NR_3.0_33604.1","1ZZ5|1|A+1ZZ5|1|C+1ZZ5|1|B+1ZZ5|1|D","1ZZ5|1|A+1ZZ5|1|C+1ZZ5|1|B+1ZZ5|1|D,2A04|1|A+2A04|1|C+2A04|1|B+2A04|1|D"
"NR_3.0_37566.1","4X2B|1|B+4X2B|1|C","4X2B|1|B+4X2B|1|C"
"NR_3.0_10203.1","2GIC|1|R","2GIC|1|R"
"NR_3.0_73303.1","5WZG|1|B","5WZG|1|B"
"NR_3.0_04268.1","4V99|1|C2","4V99|1|C2,4V99|1|Ec,4V99|1|FD,4V99|1|Ac,4V99|1|AX,4V99|1|GX,4V99|1|FI,4V99|1|Bh,4V99|1|AN,4V99|1|F7,4V99|1|CS,4V99|1|Ch,4V99|1|AS,4V99|1|Am,4V99|1|DS,4V99|1|Dc,4V99|1|Jw,4V99|1|Eh,4V99|1|Bw,4V99|1|Fw,4V99|1|HS,4V99|1|HX,4V99|1|B7,4V99|1|E7,4V99|1|Aw,4V99|1|FS,4V99|1|Bc,4V99|1|Bm,4V99|1|ED,4V99|1|EN,4V99|1|Ic,4V99|1|BN,4V99|1|Em,4V99|1|AI,4V99|1|Er,4V99|1|JD,4V99|1|G7,4V99|1|G2,4V99|1|Iw,4V99|1|EX,4V99|1|HI,4V99|1|Jh,4V99|1|Jr,4V99|1|B2,4V99|1|D2,4V99|1|DD,4V99|1|BX,4V99|1|Ah,4V99|1|EI,4V99|1|Gr,4V99|1|Ir,4V99|1|ES,4V99|1|Br,4V99|1|Cw,4V99|1|I2,4V99|1|C7,4V99|1|D7,4V99|1|Hr,4V99|1|GS,4V99|1|I7,4V99|1|BI,4V99|1|Fh,4V99|1|Hc,4V99|1|Dw,4V99|1|Gc,4V99|1|BS,4V99|1|Jc,4V99|1|Dm,4V99|1|Ew,4V99|1|Ar,4V99|1|Cr,4V99|1|CN,4V99|1|IX,4V99|1|IN,4V99|1|J7,4V99|1|E2,4V99|1|DI,4V99|1|Jm,4V99|1|DN,4V99|1|Cc,4V99|1|BD,4V99|1|FX,4V99|1|DX,4V99|1|AD,4V99|1|Ih,4V99|1|A2,4V99|1|JX,4V99|1|HD,4V99|1|JN,4V99|1|CI,4V99|1|Fr,4V99|1|CX,4V99|1|CD,4V99|1|Cm,4V99|1|HN,4V99|1|H7,4V99|1|II,4V99|1|H2,4V99|1|Im,4V99|1|Fm,4V99|1|F2,4V99|1|Fc,4V99|1|GI,4V99|1|A7,4V99|1|Gh,4V99|1|ID,4V99|1|Hm,4V99|1|Hh,4V99|1|GN,4V99|1|JI,4V99|1|Dr,4V99|1|FN,4V99|1|Hw,4V99|1|Gw,4V99|1|J2,4V99|1|GD,4V99|1|Dh,4V99|1|JS,4V99|1|IS,4V99|1|Gm"
"NR_3.0_63313.1","6RT4|1|D","6RT4|1|D,6RT4|1|C"
"NR_3.0_88706.1","4JAH|1|A+4JAH|1|B","4JAH|1|A+4JAH|1|B,4JAH|1|C+4JAH|1|D,4JAH|1|E+4JAH|1|F"
"NR_3.0_93101.1","6R7G|1|R","6R7G|1|R"
"NR_3.0_81482.1","6F3H|1|D","6F3H|1|D"
"NR_3.0_80570.9","6N6C|1|D","6N6C|1|D,6N6J|1|C,6N6J|1|D,6P7Q|1|E,6P7Q|1|F,6P7Q|1|D,6RCL|1|C,5JJU|1|C,4EJT|1|G,5CEU|1|C,5CEU|1|D"
"NR_3.0_07004.1","1S03|1|B","1S03|1|B"
"NR_3.0_06780.1","1S03|1|A","1S03|1|A"
"NR_3.0_56041.1","3AMT|1|B","3AMT|1|B"
"NR_3.0_86427.1","6DME|1|A","6DME|1|A,6DMC|1|B,6DMC|1|A,6DMD|1|A,6DMD|1|B"
"NR_3.0_88496.1","1ET4|1|A","1ET4|1|A,1ET4|1|C,1ET4|1|B,1ET4|1|D,1ET4|1|E,1DDY|1|C,1DDY|1|G,1DDY|1|A,1DDY|1|E"
"NR_3.0_68486.1","6KQG|1|I","6KQG|1|I,6JCX|1|I"
"NR_3.0_50496.1","5YTT|1|B","5YTT|1|B"
"NR_3.0_40400.1","3QSU|1|P","3QSU|1|P,3QSU|1|R"
"NR_3.0_70790.1","4E5C|1|A+4E5C|1|B","4E5C|1|A+4E5C|1|B"
"NR_3.0_60142.1","2OIU|1|P","2OIU|1|P"
"NR_3.0_36247.1","2OIU|1|Q","2OIU|1|Q"
"NR_3.0_59689.4","4XNR|1|X","4XNR|1|X,4TZY|1|X,4TZX|1|X,5UZA|1|X,5SWE|1|X"
"NR_3.0_11290.1","1N38|1|C+1N38|1|B","1N38|1|C+1N38|1|B"
"NR_3.0_99409.1","6QIT|1|A+6QIT|1|B","6QIT|1|A+6QIT|1|B,6QIT|1|C+6QIT|1|D,6QIR|1|A+6QIR|1|B,6QIR|1|C+6QIR|1|D,6QIV|1|A,6QIQ|1|A+6QIQ|1|B,6QIS|1|A+6QIS|1|B+6QIS|1|C+6QIS|1|D,6QIS|1|E+6QIS|1|F,6QIS|1|G+6QIS|1|H"
"NR_3.0_56199.1","5NEW|1|H","5NEW|1|H"
"NR_3.0_47084.1","4QVC|1|G","4QVC|1|G"
"NR_3.0_17854.1","5ZKJ|1|C","5ZKJ|1|C,5ZKJ|1|E"
"NR_3.0_80423.1","4MDX|1|C","4MDX|1|C"
"NR_3.0_46052.1","6QIC|1|F","6QIC|1|F,6QIC|1|H,6QIC|1|E,6QIC|1|G"
"NR_3.0_73328.1","4PWD|1|T","4PWD|1|T,4PWD|1|E"
"NR_3.0_78506.1","2ZY6|1|A","2ZY6|1|A"
"NR_3.0_19039.1","1WPU|1|C","1WPU|1|C,1WPU|1|D"
"NR_3.0_73115.1","4HT9|1|D","4HT9|1|D,4HT8|1|I,4HT8|1|K"
"NR_3.0_12322.1","333D|1|A","333D|1|A"
"NR_3.0_78183.1","2Y8Y|1|B","2Y8Y|1|B"
"NR_3.0_65223.1","6Q1H|1|D","6Q1H|1|D,6Q1H|1|H,6P7P|1|F,6P7P|1|E,6P7P|1|D,6VM6|1|J,6VM6|1|G,6WAN|1|K,6WAN|1|H,6WAN|1|G,6WAN|1|L,6WAN|1|I,6WAN|1|J,4OAU|1|A,6VM6|1|I,6VM6|1|H,2A1R|1|C,2A1R|1|D,3GPQ|1|E,3GPQ|1|F,6O79|1|C,6VM6|1|K"
"NR_3.0_32675.1","3TS2|1|V","3TS2|1|V"
"NR_3.0_21945.1","3TS2|1|U","3TS2|1|U"
"NR_3.0_57614.1","6OVR|1|I","6OVR|1|I"
"NR_3.0_50652.1","4RBY|1|A","4RBY|1|A"
"NR_3.0_45442.1","397D|1|A+397D|1|B","397D|1|A+397D|1|B"
"NR_3.0_34246.1","5TSN|1|P+5TSN|1|T","5TSN|1|P+5TSN|1|T"
"NR_3.0_15508.1","3TRZ|1|U","3TRZ|1|U,3TRZ|1|X,3TRZ|1|W,3TRZ|1|V,3TRZ|1|Y,3TRZ|1|Z"
"NR_3.0_04852.2","2UWM|1|D","2UWM|1|D,2UWM|1|C,2PLY|1|C,2PLY|1|E,1WSU|1|E,1WSU|1|F,1WSU|1|G"
"NR_3.0_22273.1","6AZ3|1|3","6AZ3|1|3,5T2A|1|E"
"NR_3.0_60178.1","6AZ3|1|2","6AZ3|1|2,3JCS|1|2"
"NR_3.0_16377.1","5JCF|1|Y+5JCF|1|X","5JCF|1|Y+5JCF|1|X"
"NR_3.0_91296.1","6AZ3|1|6","6AZ3|1|6,5T2A|1|F"
"NR_3.0_41222.1","6AZ3|1|5","6AZ3|1|5,5T2A|1|H"
"NR_3.0_01258.2","6AZ3|1|4","6AZ3|1|4,5T2A|1|G,3JCS|1|4"
"NR_3.0_69984.2","6AZ3|1|8","6AZ3|1|8,5T2A|1|D,3JCS|1|8"
"NR_3.0_57460.3","4P95|1|A","4P95|1|A,6GYV|1|A,4P9R|1|A"
"NR_3.0_20035.2","6SPC|1|a","6SPC|1|a,6SPF|1|a"
"NR_3.0_65081.1","6SY6|1|D","6SY6|1|D"
"NR_3.0_66328.1","5M0H|1|A","5M0H|1|A"
"NR_3.0_60628.1","6MWN|1|B","6MWN|1|B,6MWN|1|A"
"NR_3.0_01806.1","3IAB|1|R","3IAB|1|R"
"NR_3.0_24366.1","6R5Q|1|3","6R5Q|1|3"
"NR_3.0_98916.1","3CZW|1|X","3CZW|1|X"
"NR_3.0_95940.2","6SPB|1|B","6SPB|1|B,6SPF|1|B"
"NR_3.0_92167.1","5OB3|1|A","5OB3|1|A"
"NR_3.0_73930.1","2YJY|1|C","2YJY|1|C,2YJY|1|D"
"NR_3.0_62752.1","3EQT|1|C+3EQT|1|D","3EQT|1|C+3EQT|1|D"
"NR_3.0_43274.1","4P97|1|A+4P97|1|B","4P97|1|A+4P97|1|B,4P97|1|C+4P97|1|D"
"NR_3.0_19645.1","4QI2|1|G","4QI2|1|G,4QI2|1|F,4QI2|1|E,4QI2|1|H"
"NR_3.0_31222.1","5FJC|1|A","5FJC|1|A,5FK4|1|A,4B5R|1|A,5FK3|1|A,5FK2|1|A,5FKF|1|A,5FK6|1|A,5FK1|1|A,5FKD|1|A,5FKH|1|A,5FKG|1|A,5FKE|1|A"
"NR_3.0_47162.1","3PDR|1|X","3PDR|1|X,3PDR|1|A,2QBZ|1|X"
"NR_3.0_90371.1","5WZJ|1|B","5WZJ|1|B"
"NR_3.0_14080.1","315D|1|A+315D|1|B","315D|1|A+315D|1|B"
"NR_3.0_91105.1","4OOG|1|D","4OOG|1|D"
"NR_3.0_89476.1","5JRC|1|E","5JRC|1|E"
"NR_3.0_10255.13","6SGC|1|74","6SGC|1|74,6R5Q|1|7"
"NR_3.0_52752.2","6QZP|1|L7","6QZP|1|L7,6EK0|1|L7,6Y2L|1|L7"
"NR_3.0_77294.1","5NDH|1|A","5NDH|1|A,5NDH|1|B,5NDH|1|D,5NDH|1|C"
"NR_3.0_83036.1","4W5N|1|B","4W5N|1|B"
"NR_3.0_76670.1","3BSB|1|C","3BSB|1|C"
"NR_3.0_83027.1","3NPQ|1|A","3NPQ|1|A,3NPQ|1|C,3NPQ|1|B,3NPN|1|A"
"NR_3.0_25369.1","3NJ7|1|C+3NJ7|1|D","3NJ7|1|C+3NJ7|1|D,3NJ7|1|E+3NJ7|1|F,3NJ7|1|A+3NJ7|1|B,3NJ6|1|A"
"NR_3.0_52870.1","5JC7|1|X+5JC7|1|Y","5JC7|1|X+5JC7|1|Y"
"NR_3.0_59612.1","2DB3|1|E","2DB3|1|E,2DB3|1|F,2DB3|1|G,2DB3|1|H"
"NR_3.0_86424.1","3R2C|1|R","3R2C|1|R,3R2C|1|S"
"NR_3.0_32785.1","4G0A|1|G","4G0A|1|G"
"NR_3.0_24630.1","4G0A|1|F","4G0A|1|F"
"NR_3.0_74729.1","4G0A|1|E","4G0A|1|E"
"NR_3.0_41649.1","6SQN|1|Y","6SQN|1|Y,6SQN|1|X,6SQN|1|Z,6SQQ|1|YYY,6SQQ|1|XXX,6SQQ|1|ZZZ,1URN|1|P,1URN|1|Q,1URN|1|R"
"NR_3.0_66984.1","3IVN|1|A","3IVN|1|A,3IVN|1|B"
"NR_3.0_25852.1","1M8V|1|P","1M8V|1|P,1M8V|1|R,1M8V|1|U,1M8V|1|Q,1M8V|1|S,1M8V|1|T,1M8V|1|O"
"NR_3.0_13250.1","4QIK|1|C+4QIK|1|D","4QIK|1|C+4QIK|1|D"
"NR_3.0_51487.1","4L8H|1|R","4L8H|1|R,2BS1|1|R,2BS1|1|S,2BS0|1|R,1ZSE|1|R,2BS0|1|S,2B2D|1|R,2B2D|1|S"
"NR_3.0_25893.1","4ERD|1|C+4ERD|1|D","4ERD|1|C+4ERD|1|D"
"NR_3.0_84831.1","5HKC|1|C","5HKC|1|C"
"NR_3.0_20024.1","5H3U|1|C","5H3U|1|C"
"NR_3.0_86148.1","5A0T|1|E","5A0T|1|E,5A0T|1|F"
"NR_3.0_35629.1","2O5I|1|Y","2O5I|1|Y,2O5J|1|H,2O5I|1|H,2O5J|1|Y,2PPB|1|Y,2PPB|1|H"
"NR_3.0_45040.1","3EPH|1|E","3EPH|1|E,3EPH|1|F"
"NR_3.0_63269.1","6Q8V|1|A","6Q8V|1|A"
"NR_3.0_23118.1","5HBY|1|A","5HBY|1|A,5V0K|1|A"
"NR_3.0_79100.1","6D12|1|C","6D12|1|C"
"NR_3.0_45692.1","2XBM|1|E+2XBM|1|F","2XBM|1|E+2XBM|1|F"
"NR_3.0_53179.1","1RMV|1|B","1RMV|1|B"
"NR_3.0_63322.1","6FPX|1|B","6FPX|1|B,6FPX|1|F"
"NR_3.0_74421.1","1F1T|1|A","1F1T|1|A"
"NR_3.0_22602.1","4QU7|1|X","4QU7|1|X,4QU7|1|V,4QU7|1|U"
"NR_3.0_04754.1","5U3G|1|B","5U3G|1|B"
"NR_3.0_06496.1","5E6M|1|C","5E6M|1|C,5E6M|1|E"
"NR_3.0_31084.1","4K4V|1|B","4K4V|1|B,4K4V|1|F"
"NR_3.0_47433.1","3V7E|1|C","3V7E|1|C,3V7E|1|D"
"NR_3.0_51549.1","1PJG|1|A","1PJG|1|A,1PJO|1|A,1G4Q|1|A,1JB8|1|A"
"NR_3.0_26629.1","3HK2|1|F","3HK2|1|F,3HK2|1|D,3F73|1|Y,3F73|1|H"
"NR_3.0_48333.1","6FPX|1|D","6FPX|1|D"
"NR_3.0_91544.1","3BSX|1|C","3BSX|1|C,3BSX|1|D"
"NR_3.0_26846.1","1JBR|1|C+1JBR|1|F","1JBR|1|C+1JBR|1|F"
"NR_3.0_43749.1","2Q1O|1|C+2Q1O|1|D","2Q1O|1|C+2Q1O|1|D,2Q1O|1|A+2Q1O|1|B"
"NR_3.0_09775.1","5AH5|1|D","5AH5|1|D,5AH5|1|C"
"NR_3.0_32544.1","1LNT|1|A+1LNT|1|B","1LNT|1|A+1LNT|1|B"
"NR_3.0_27778.1","5WT1|1|C","5WT1|1|C,5WT1|1|F"
"NR_3.0_20856.1","5HJZ|1|C","5HJZ|1|C"
